district,district_id,year,month,date,price_per_sqm
Baoshan,2501,2015,1,2015-01,23353.0
Baoshan,2501,2015,2,2015-02,23281.0
Baoshan,2501,2015,3,2015-03,23419.0
Baoshan,2501,2015,4,2015-04,23510.0
Baoshan,2501,2015,5,2015-05,24016.0
Baoshan,2501,2015,6,2015-06,24549.0
Baoshan,2501,2015,7,2015-07,24757.0
Baoshan,2501,2015,8,2015-08,25153.0
Baoshan,2501,2015,9,2015-09,25537.0
Baoshan,2501,2015,10,2015-10,26031.0
Baoshan,2501,2015,11,2015-11,26428.0
Baoshan,2501,2015,12,2015-12,27010.0
Baoshan,2501,2016,1,2016-01,28559.0
Baoshan,2501,2016,2,2016-02,29300.0
Baoshan,2501,2016,3,2016-03,34395.0
Baoshan,2501,2016,4,2016-04,36055.0
Baoshan,2501,2016,5,2016-05,35946.0
Baoshan,2501,2016,6,2016-06,35955.0
Baoshan,2501,2016,7,2016-07,36396.0
Baoshan,2501,2016,8,2016-08,37126.0
Baoshan,2501,2016,9,2016-09,38921.0
Baoshan,2501,2016,10,2016-10,41523.0
Baoshan,2501,2016,11,2016-11,43079.0
Baoshan,2501,2016,12,2016-12,43403.0
Baoshan,2501,2017,1,2017-01,43640.0
Baoshan,2501,2017,2,2017-02,44066.0
Baoshan,2501,2017,3,2017-03,43867.0
Baoshan,2501,2017,4,2017-04,44010.0
Baoshan,2501,2017,5,2017-05,45235.0
Baoshan,2501,2017,6,2017-06,45086.0
Baoshan,2501,2017,7,2017-07,45150.0
Baoshan,2501,2017,8,2017-08,43509.0
Baoshan,2501,2017,9,2017-09,42904.0
Baoshan,2501,2017,10,2017-10,42629.0
Baoshan,2501,2017,11,2017-11,41941.0
Baoshan,2501,2017,12,2017-12,41154.0
Baoshan,2501,2018,6,2018-06,40453.0
Baoshan,2501,2018,7,2018-07,40893.0
Baoshan,2501,2018,8,2018-08,40321.0
Baoshan,2501,2018,9,2018-09,40282.0
Baoshan,2501,2018,10,2018-10,40684.0
Baoshan,2501,2018,11,2018-11,38810.0
Baoshan,2501,2018,12,2018-12,40354.0
Baoshan,2501,2019,1,2019-01,40102.0
Baoshan,2501,2019,2,2019-02,40032.0
Baoshan,2501,2019,3,2019-03,40004.0
Baoshan,2501,2019,4,2019-04,38852.0
Baoshan,2501,2019,5,2019-05,40013.0
Baoshan,2501,2019,6,2019-06,40373.0
Baoshan,2501,2019,7,2019-07,40011.0
Baoshan,2501,2019,8,2019-08,40004.0
Baoshan,2501,2019,9,2019-09,40442.0
Baoshan,2501,2019,10,2019-10,40401.0
Baoshan,2501,2019,11,2019-11,40509.0
Baoshan,2501,2019,12,2019-12,40583.0
Baoshan,2501,2020,1,2020-01,39302.0
Baoshan,2501,2020,2,2020-02,39472.0
Baoshan,2501,2020,3,2020-03,39998.0
Baoshan,2501,2020,4,2020-04,42130.0
Baoshan,2501,2020,5,2020-05,43024.0
Baoshan,2501,2020,6,2020-06,40355.0
Baoshan,2501,2020,7,2020-07,40868.0
Baoshan,2501,2020,8,2020-08,43451.0
Baoshan,2501,2020,9,2020-09,40816.0
Baoshan,2501,2020,10,2020-10,43120.0
Baoshan,2501,2020,11,2020-11,44516.0
Baoshan,2501,2020,12,2020-12,43885.0
Baoshan,2501,2021,1,2021-01,45358.0
Baoshan,2501,2021,2,2021-02,45711.0
Baoshan,2501,2021,3,2021-03,45114.0
Baoshan,2501,2021,4,2021-04,48027.0
Baoshan,2501,2021,5,2021-05,49669.0
Baoshan,2501,2021,6,2021-06,50168.0
Baoshan,2501,2021,7,2021-07,52445.0
Baoshan,2501,2021,8,2021-08,50928.0
Baoshan,2501,2021,9,2021-09,46190.0
Baoshan,2501,2021,10,2021-10,48958.0
Baoshan,2501,2021,11,2021-11,49339.0
Baoshan,2501,2021,12,2021-12,48229.0
Baoshan,2501,2022,1,2022-01,46746.0
Baoshan,2501,2022,2,2022-02,49564.0
Baoshan,2501,2022,3,2022-03,47292.0
Baoshan,2501,2022,4,2022-04,45730.0
Baoshan,2501,2022,5,2022-05,47470.0
Baoshan,2501,2022,6,2022-06,48413.0
Baoshan,2501,2022,7,2022-07,50982.0
Baoshan,2501,2022,8,2022-08,50635.0
Baoshan,2501,2022,9,2022-09,48198.0
Baoshan,2501,2022,10,2022-10,48974.0
Baoshan,2501,2022,11,2022-11,50359.0
Baoshan,2501,2022,12,2022-12,46928.0
Baoshan,2501,2023,1,2023-01,50921.0
Baoshan,2501,2023,2,2023-02,52628.0
Baoshan,2501,2023,3,2023-03,53400.0
Baoshan,2501,2023,4,2023-04,54462.0
Baoshan,2501,2023,5,2023-05,52261.0
Baoshan,2501,2023,6,2023-06,52686.0
Baoshan,2501,2023,7,2023-07,50172.0
Baoshan,2501,2023,8,2023-08,52372.0
Baoshan,2501,2023,9,2023-09,53636.0
Baoshan,2501,2023,10,2023-10,53034.0
Baoshan,2501,2023,11,2023-11,50519.0
Baoshan,2501,2023,12,2023-12,49745.0
Baoshan,2501,2024,1,2024-01,51956.0
Baoshan,2501,2024,2,2024-02,50576.0
Baoshan,2501,2024,3,2024-03,49042.0
Baoshan,2501,2024,4,2024-04,49659.0
Baoshan,2501,2024,5,2024-05,49455.0
Baoshan,2501,2024,6,2024-06,49493.0
Baoshan,2501,2024,7,2024-07,49041.0
Baoshan,2501,2024,8,2024-08,50145.0
Baoshan,2501,2024,9,2024-09,48490.0
Baoshan,2501,2024,10,2024-10,47739.0
Baoshan,2501,2024,11,2024-11,48091.0
Baoshan,2501,2024,12,2024-12,46697.0
Baoshan,2501,2025,1,2025-01,47836.0
Baoshan,2501,2025,2,2025-02,47544.0
Baoshan,2501,2025,3,2025-03,45300.0
Baoshan,2501,2025,4,2025-04,45400.0
Baoshan,2501,2025,5,2025-05,45800.0
Baoshan,2501,2025,6,2025-06,45300.0
Baoshan,2501,2025,7,2025-07,44800.0
Baoshan,2501,2025,8,2025-08,46000.0
Baoshan,2501,2025,9,2025-09,45800.0
Baoshan,2501,2025,10,2025-10,44100.0
Baoshan,2501,2025,11,2025-11,43400.0
Baoshan,2501,2025,12,2025-12,44200.0
Changning,2500,2015,1,2015-01,39572.0
Changning,2500,2015,2,2015-02,39642.0
Changning,2500,2015,3,2015-03,39439.0
Changning,2500,2015,4,2015-04,40011.0
Changning,2500,2015,5,2015-05,40352.0
Changning,2500,2015,6,2015-06,41072.0
Changning,2500,2015,7,2015-07,41906.0
Changning,2500,2015,8,2015-08,41847.0
Changning,2500,2015,9,2015-09,42676.0
Changning,2500,2015,10,2015-10,43240.0
Changning,2500,2015,11,2015-11,44252.0
Changning,2500,2015,12,2015-12,45670.0
Changning,2500,2016,1,2016-01,47960.0
Changning,2500,2016,2,2016-02,50160.0
Changning,2500,2016,3,2016-03,56880.0
Changning,2500,2016,4,2016-04,58883.0
Changning,2500,2016,5,2016-05,59218.0
Changning,2500,2016,6,2016-06,59938.0
Changning,2500,2016,7,2016-07,59691.0
Changning,2500,2016,8,2016-08,60252.0
Changning,2500,2016,9,2016-09,61593.0
Changning,2500,2016,10,2016-10,63877.0
Changning,2500,2016,11,2016-11,65453.0
Changning,2500,2016,12,2016-12,65838.0
Changning,2500,2017,1,2017-01,65987.0
Changning,2500,2017,2,2017-02,65627.0
Changning,2500,2017,3,2017-03,66505.0
Changning,2500,2017,4,2017-04,67366.0
Changning,2500,2017,5,2017-05,70936.0
Changning,2500,2017,6,2017-06,71111.0
Changning,2500,2017,7,2017-07,71494.0
Changning,2500,2017,8,2017-08,69473.0
Changning,2500,2017,9,2017-09,69551.0
Changning,2500,2017,10,2017-10,67964.0
Changning,2500,2017,11,2017-11,67764.0
Changning,2500,2017,12,2017-12,67473.0
Changning,2500,2018,6,2018-06,70633.0
Changning,2500,2018,7,2018-07,70643.0
Changning,2500,2018,8,2018-08,71114.0
Changning,2500,2018,9,2018-09,70703.0
Changning,2500,2018,10,2018-10,70801.0
Changning,2500,2018,11,2018-11,70973.0
Changning,2500,2018,12,2018-12,70772.0
Changning,2500,2019,1,2019-01,70060.0
Changning,2500,2019,2,2019-02,70740.0
Changning,2500,2019,3,2019-03,70680.0
Changning,2500,2019,4,2019-04,71404.0
Changning,2500,2019,5,2019-05,70163.0
Changning,2500,2019,6,2019-06,70653.0
Changning,2500,2019,7,2019-07,70212.0
Changning,2500,2019,8,2019-08,70663.0
Changning,2500,2019,9,2019-09,70341.0
Changning,2500,2019,10,2019-10,70312.0
Changning,2500,2019,11,2019-11,70423.0
Changning,2500,2019,12,2019-12,68618.0
Changning,2500,2020,1,2020-01,69020.0
Changning,2500,2020,2,2020-02,67139.0
Changning,2500,2020,3,2020-03,68639.0
Changning,2500,2020,4,2020-04,67515.0
Changning,2500,2020,5,2020-05,66465.0
Changning,2500,2020,6,2020-06,68677.0
Changning,2500,2020,7,2020-07,66599.0
Changning,2500,2020,8,2020-08,69823.0
Changning,2500,2020,9,2020-09,69415.0
Changning,2500,2020,10,2020-10,70440.0
Changning,2500,2020,11,2020-11,73327.0
Changning,2500,2020,12,2020-12,72495.0
Changning,2500,2021,1,2021-01,76364.0
Changning,2500,2021,2,2021-02,76310.0
Changning,2500,2021,3,2021-03,80221.0
Changning,2500,2021,4,2021-04,77634.0
Changning,2500,2021,5,2021-05,79617.0
Changning,2500,2021,6,2021-06,86486.0
Changning,2500,2021,7,2021-07,88269.0
Changning,2500,2021,8,2021-08,87902.0
Changning,2500,2021,9,2021-09,84609.0
Changning,2500,2021,10,2021-10,82011.0
Changning,2500,2021,11,2021-11,81538.0
Changning,2500,2021,12,2021-12,85662.0
Changning,2500,2022,1,2022-01,86754.0
Changning,2500,2022,2,2022-02,86174.0
Changning,2500,2022,3,2022-03,83444.0
Changning,2500,2022,4,2022-04,81312.0
Changning,2500,2022,5,2022-05,84766.0
Changning,2500,2022,6,2022-06,85774.0
Changning,2500,2022,7,2022-07,82220.0
Changning,2500,2022,8,2022-08,83907.0
Changning,2500,2022,9,2022-09,84836.0
Changning,2500,2022,10,2022-10,83134.0
Changning,2500,2022,11,2022-11,86968.0
Changning,2500,2022,12,2022-12,88996.0
Changning,2500,2023,1,2023-01,86385.0
Changning,2500,2023,2,2023-02,90771.0
Changning,2500,2023,3,2023-03,90001.0
Changning,2500,2023,4,2023-04,85763.0
Changning,2500,2023,5,2023-05,88090.0
Changning,2500,2023,6,2023-06,88514.0
Changning,2500,2023,7,2023-07,83488.0
Changning,2500,2023,8,2023-08,82446.0
Changning,2500,2023,9,2023-09,85862.0
Changning,2500,2023,10,2023-10,85113.0
Changning,2500,2023,11,2023-11,85853.0
Changning,2500,2023,12,2023-12,85744.0
Changning,2500,2024,1,2024-01,84771.0
Changning,2500,2024,2,2024-02,82949.0
Changning,2500,2024,3,2024-03,83887.0
Changning,2500,2024,4,2024-04,79352.0
Changning,2500,2024,5,2024-05,81895.0
Changning,2500,2024,6,2024-06,80557.0
Changning,2500,2024,7,2024-07,79946.0
Changning,2500,2024,8,2024-08,80105.0
Changning,2500,2024,9,2024-09,77933.0
Changning,2500,2024,10,2024-10,78283.0
Changning,2500,2024,11,2024-11,81041.0
Changning,2500,2024,12,2024-12,78596.0
Changning,2500,2025,1,2025-01,80276.0
Changning,2500,2025,2,2025-02,81747.0
Changning,2500,2025,3,2025-03,81000.0
Changning,2500,2025,4,2025-04,78200.0
Changning,2500,2025,5,2025-05,75100.0
Changning,2500,2025,6,2025-06,74200.0
Changning,2500,2025,7,2025-07,74300.0
Changning,2500,2025,8,2025-08,77800.0
Changning,2500,2025,9,2025-09,70900.0
Changning,2500,2025,10,2025-10,69400.0
Changning,2500,2025,11,2025-11,69800.0
Changning,2500,2025,12,2025-12,68700.0
Chongming,2502,2016,1,2016-01,12127.0
Chongming,2502,2016,2,2016-02,11330.0
Chongming,2502,2016,3,2016-03,10899.0
Chongming,2502,2016,4,2016-04,10391.0
Chongming,2502,2016,5,2016-05,9732.0
Chongming,2502,2016,6,2016-06,9364.0
Chongming,2502,2016,7,2016-07,9235.0
Chongming,2502,2016,8,2016-08,9379.0
Chongming,2502,2016,9,2016-09,9065.0
Chongming,2502,2016,10,2016-10,8888.0
Chongming,2502,2016,11,2016-11,9551.0
Chongming,2502,2016,12,2016-12,9768.0
Chongming,2502,2017,1,2017-01,10671.0
Chongming,2502,2017,2,2017-02,10273.0
Chongming,2502,2017,3,2017-03,11204.0
Chongming,2502,2017,4,2017-04,11797.0
Chongming,2502,2017,5,2017-05,14215.0
Chongming,2502,2017,6,2017-06,15967.0
Chongming,2502,2017,7,2017-07,16149.0
Chongming,2502,2017,8,2017-08,15998.0
Chongming,2502,2017,9,2017-09,17268.0
Chongming,2502,2017,10,2017-10,15930.0
Chongming,2502,2017,11,2017-11,14888.0
Chongming,2502,2017,12,2017-12,15128.0
Chongming,2502,2018,6,2018-06,17313.0
Chongming,2502,2018,7,2018-07,18351.0
Chongming,2502,2018,8,2018-08,16894.0
Chongming,2502,2018,9,2018-09,16632.0
Chongming,2502,2018,10,2018-10,16831.0
Chongming,2502,2018,11,2018-11,17354.0
Chongming,2502,2018,12,2018-12,17513.0
Chongming,2502,2019,1,2019-01,18411.0
Chongming,2502,2019,2,2019-02,18332.0
Chongming,2502,2019,3,2019-03,20080.0
Chongming,2502,2019,4,2019-04,19541.0
Chongming,2502,2019,5,2019-05,20083.0
Chongming,2502,2019,6,2019-06,19472.0
Chongming,2502,2019,7,2019-07,19511.0
Chongming,2502,2019,8,2019-08,20042.0
Chongming,2502,2019,9,2019-09,20942.0
Chongming,2502,2019,10,2019-10,21553.0
Chongming,2502,2019,11,2019-11,21442.0
Chongming,2502,2019,12,2019-12,19332.0
Chongming,2502,2020,1,2020-01,18963.0
Chongming,2502,2020,2,2020-02,21747.0
Chongming,2502,2020,3,2020-03,22733.0
Chongming,2502,2020,4,2020-04,21280.0
Chongming,2502,2020,5,2020-05,20811.0
Chongming,2502,2020,6,2020-06,20555.0
Chongming,2502,2020,7,2020-07,20794.0
Chongming,2502,2020,8,2020-08,20696.0
Chongming,2502,2020,9,2020-09,20828.0
Chongming,2502,2020,10,2020-10,20715.0
Chongming,2502,2020,11,2020-11,21587.0
Chongming,2502,2020,12,2020-12,22034.0
Chongming,2502,2021,1,2021-01,22591.0
Chongming,2502,2021,2,2021-02,22858.0
Chongming,2502,2021,3,2021-03,21856.0
Chongming,2502,2021,4,2021-04,23507.0
Chongming,2502,2021,5,2021-05,22227.0
Chongming,2502,2021,6,2021-06,20014.0
Chongming,2502,2021,7,2021-07,21015.0
Chongming,2502,2021,8,2021-08,21028.0
Chongming,2502,2021,9,2021-09,20722.0
Chongming,2502,2021,10,2021-10,21362.0
Chongming,2502,2021,11,2021-11,20096.0
Chongming,2502,2021,12,2021-12,20188.0
Chongming,2502,2022,1,2022-01,20132.0
Chongming,2502,2022,2,2022-02,20308.0
Chongming,2502,2022,3,2022-03,19414.0
Chongming,2502,2022,4,2022-04,19676.0
Chongming,2502,2022,5,2022-05,19311.0
Chongming,2502,2022,6,2022-06,19147.0
Chongming,2502,2022,7,2022-07,18917.0
Chongming,2502,2022,8,2022-08,19450.0
Chongming,2502,2022,9,2022-09,19342.0
Chongming,2502,2022,10,2022-10,19115.0
Chongming,2502,2022,11,2022-11,19233.0
Chongming,2502,2022,12,2022-12,19567.0
Chongming,2502,2023,1,2023-01,18994.0
Chongming,2502,2023,2,2023-02,18980.0
Chongming,2502,2023,3,2023-03,18597.0
Chongming,2502,2023,4,2023-04,18557.0
Chongming,2502,2023,5,2023-05,19269.0
Chongming,2502,2023,6,2023-06,18632.0
Chongming,2502,2023,7,2023-07,19113.0
Chongming,2502,2023,8,2023-08,18082.0
Chongming,2502,2023,9,2023-09,18386.0
Chongming,2502,2023,10,2023-10,18691.0
Chongming,2502,2023,11,2023-11,17822.0
Chongming,2502,2023,12,2023-12,17246.0
Chongming,2502,2024,1,2024-01,17421.0
Chongming,2502,2024,2,2024-02,16547.0
Chongming,2502,2024,3,2024-03,16653.0
Chongming,2502,2024,4,2024-04,18134.0
Chongming,2502,2024,5,2024-05,17719.0
Chongming,2502,2024,6,2024-06,16711.0
Chongming,2502,2024,7,2024-07,16835.0
Chongming,2502,2024,8,2024-08,16547.0
Chongming,2502,2024,9,2024-09,16236.0
Chongming,2502,2024,10,2024-10,16534.0
Chongming,2502,2024,11,2024-11,18329.0
Chongming,2502,2024,12,2024-12,17945.0
Chongming,2502,2025,1,2025-01,18440.0
Chongming,2502,2025,2,2025-02,17014.0
Chongming,2502,2025,3,2025-03,16600.0
Chongming,2502,2025,4,2025-04,17500.0
Chongming,2502,2025,5,2025-05,18200.0
Chongming,2502,2025,6,2025-06,18400.0
Chongming,2502,2025,7,2025-07,18000.0
Chongming,2502,2025,8,2025-08,17700.0
Chongming,2502,2025,9,2025-09,15500.0
Chongming,2502,2025,10,2025-10,17600.0
Chongming,2502,2025,11,2025-11,18400.0
Chongming,2502,2025,12,2025-12,18400.0
Fengxian,2499,2015,1,2015-01,14513.0
Fengxian,2499,2015,2,2015-02,14631.0
Fengxian,2499,2015,3,2015-03,14598.0
Fengxian,2499,2015,4,2015-04,14448.0
Fengxian,2499,2015,5,2015-05,14602.0
Fengxian,2499,2015,6,2015-06,14653.0
Fengxian,2499,2015,7,2015-07,15593.0
Fengxian,2499,2015,8,2015-08,16865.0
Fengxian,2499,2015,9,2015-09,17061.0
Fengxian,2499,2015,10,2015-10,16695.0
Fengxian,2499,2015,11,2015-11,16152.0
Fengxian,2499,2015,12,2015-12,15766.0
Fengxian,2499,2016,1,2016-01,16365.0
Fengxian,2499,2016,2,2016-02,16394.0
Fengxian,2499,2016,3,2016-03,17545.0
Fengxian,2499,2016,4,2016-04,18266.0
Fengxian,2499,2016,5,2016-05,18330.0
Fengxian,2499,2016,6,2016-06,18525.0
Fengxian,2499,2016,7,2016-07,18206.0
Fengxian,2499,2016,8,2016-08,20042.0
Fengxian,2499,2016,9,2016-09,21406.0
Fengxian,2499,2016,10,2016-10,24979.0
Fengxian,2499,2016,11,2016-11,26002.0
Fengxian,2499,2016,12,2016-12,26214.0
Fengxian,2499,2017,1,2017-01,26597.0
Fengxian,2499,2017,2,2017-02,27212.0
Fengxian,2499,2017,3,2017-03,26172.0
Fengxian,2499,2017,4,2017-04,26382.0
Fengxian,2499,2017,5,2017-05,27190.0
Fengxian,2499,2017,6,2017-06,27190.0
Fengxian,2499,2017,7,2017-07,26554.0
Fengxian,2499,2017,8,2017-08,26111.0
Fengxian,2499,2017,9,2017-09,26442.0
Fengxian,2499,2017,10,2017-10,26114.0
Fengxian,2499,2017,11,2017-11,24367.0
Fengxian,2499,2017,12,2017-12,23726.0
Fengxian,2499,2018,6,2018-06,21901.0
Fengxian,2499,2018,7,2018-07,22674.0
Fengxian,2499,2018,8,2018-08,22394.0
Fengxian,2499,2018,9,2018-09,21971.0
Fengxian,2499,2018,10,2018-10,21111.0
Fengxian,2499,2018,11,2018-11,22954.0
Fengxian,2499,2018,12,2018-12,23453.0
Fengxian,2499,2019,1,2019-01,23922.0
Fengxian,2499,2019,2,2019-02,23111.0
Fengxian,2499,2019,3,2019-03,23823.0
Fengxian,2499,2019,4,2019-04,23443.0
Fengxian,2499,2019,5,2019-05,23341.0
Fengxian,2499,2019,6,2019-06,23481.0
Fengxian,2499,2019,7,2019-07,23380.0
Fengxian,2499,2019,8,2019-08,22583.0
Fengxian,2499,2019,9,2019-09,23212.0
Fengxian,2499,2019,10,2019-10,22953.0
Fengxian,2499,2019,11,2019-11,23404.0
Fengxian,2499,2019,12,2019-12,22529.0
Fengxian,2499,2020,1,2020-01,21847.0
Fengxian,2499,2020,2,2020-02,24006.0
Fengxian,2499,2020,3,2020-03,24914.0
Fengxian,2499,2020,4,2020-04,23054.0
Fengxian,2499,2020,5,2020-05,23932.0
Fengxian,2499,2020,6,2020-06,23692.0
Fengxian,2499,2020,7,2020-07,22302.0
Fengxian,2499,2020,8,2020-08,24235.0
Fengxian,2499,2020,9,2020-09,23963.0
Fengxian,2499,2020,10,2020-10,23624.0
Fengxian,2499,2020,11,2020-11,25281.0
Fengxian,2499,2020,12,2020-12,24563.0
Fengxian,2499,2021,1,2021-01,24821.0
Fengxian,2499,2021,2,2021-02,25360.0
Fengxian,2499,2021,3,2021-03,25527.0
Fengxian,2499,2021,4,2021-04,26414.0
Fengxian,2499,2021,5,2021-05,27201.0
Fengxian,2499,2021,6,2021-06,27539.0
Fengxian,2499,2021,7,2021-07,26275.0
Fengxian,2499,2021,8,2021-08,25674.0
Fengxian,2499,2021,9,2021-09,24456.0
Fengxian,2499,2021,10,2021-10,24893.0
Fengxian,2499,2021,11,2021-11,25374.0
Fengxian,2499,2021,12,2021-12,23850.0
Fengxian,2499,2022,1,2022-01,23401.0
Fengxian,2499,2022,2,2022-02,23485.0
Fengxian,2499,2022,3,2022-03,24458.0
Fengxian,2499,2022,4,2022-04,24805.0
Fengxian,2499,2022,5,2022-05,25269.0
Fengxian,2499,2022,6,2022-06,26063.0
Fengxian,2499,2022,7,2022-07,25976.0
Fengxian,2499,2022,8,2022-08,25963.0
Fengxian,2499,2022,9,2022-09,26234.0
Fengxian,2499,2022,10,2022-10,26487.0
Fengxian,2499,2022,11,2022-11,25907.0
Fengxian,2499,2022,12,2022-12,25552.0
Fengxian,2499,2023,1,2023-01,26259.0
Fengxian,2499,2023,2,2023-02,26673.0
Fengxian,2499,2023,3,2023-03,25758.0
Fengxian,2499,2023,4,2023-04,27046.0
Fengxian,2499,2023,5,2023-05,26943.0
Fengxian,2499,2023,6,2023-06,26857.0
Fengxian,2499,2023,7,2023-07,27232.0
Fengxian,2499,2023,8,2023-08,28133.0
Fengxian,2499,2023,9,2023-09,27325.0
Fengxian,2499,2023,10,2023-10,26917.0
Fengxian,2499,2023,11,2023-11,27671.0
Fengxian,2499,2023,12,2023-12,26981.0
Fengxian,2499,2024,1,2024-01,26755.0
Fengxian,2499,2024,2,2024-02,25081.0
Fengxian,2499,2024,3,2024-03,25670.0
Fengxian,2499,2024,4,2024-04,26264.0
Fengxian,2499,2024,5,2024-05,25348.0
Fengxian,2499,2024,6,2024-06,26991.0
Fengxian,2499,2024,7,2024-07,26095.0
Fengxian,2499,2024,8,2024-08,26321.0
Fengxian,2499,2024,9,2024-09,25544.0
Fengxian,2499,2024,10,2024-10,25706.0
Fengxian,2499,2024,11,2024-11,25334.0
Fengxian,2499,2024,12,2024-12,25304.0
Fengxian,2499,2025,1,2025-01,27855.0
Fengxian,2499,2025,2,2025-02,26075.0
Fengxian,2499,2025,3,2025-03,27500.0
Fengxian,2499,2025,4,2025-04,27300.0
Fengxian,2499,2025,5,2025-05,26600.0
Fengxian,2499,2025,6,2025-06,27400.0
Fengxian,2499,2025,7,2025-07,26900.0
Fengxian,2499,2025,8,2025-08,26000.0
Fengxian,2499,2025,9,2025-09,24700.0
Fengxian,2499,2025,10,2025-10,23900.0
Fengxian,2499,2025,11,2025-11,24200.0
Fengxian,2499,2025,12,2025-12,24200.0
Hongkou,2498,2015,1,2015-01,36120.0
Hongkou,2498,2015,2,2015-02,36141.0
Hongkou,2498,2015,3,2015-03,36078.0
Hongkou,2498,2015,4,2015-04,36004.0
Hongkou,2498,2015,5,2015-05,36412.0
Hongkou,2498,2015,6,2015-06,37213.0
Hongkou,2498,2015,7,2015-07,38087.0
Hongkou,2498,2015,8,2015-08,38352.0
Hongkou,2498,2015,9,2015-09,39064.0
Hongkou,2498,2015,10,2015-10,39174.0
Hongkou,2498,2015,11,2015-11,40253.0
Hongkou,2498,2015,12,2015-12,40899.0
Hongkou,2498,2016,1,2016-01,42807.0
Hongkou,2498,2016,2,2016-02,44509.0
Hongkou,2498,2016,3,2016-03,49657.0
Hongkou,2498,2016,4,2016-04,53150.0
Hongkou,2498,2016,5,2016-05,52893.0
Hongkou,2498,2016,6,2016-06,52933.0
Hongkou,2498,2016,7,2016-07,53423.0
Hongkou,2498,2016,8,2016-08,55539.0
Hongkou,2498,2016,9,2016-09,57746.0
Hongkou,2498,2016,10,2016-10,60206.0
Hongkou,2498,2016,11,2016-11,62557.0
Hongkou,2498,2016,12,2016-12,62759.0
Hongkou,2498,2017,1,2017-01,61797.0
Hongkou,2498,2017,2,2017-02,61587.0
Hongkou,2498,2017,3,2017-03,61804.0
Hongkou,2498,2017,4,2017-04,62537.0
Hongkou,2498,2017,5,2017-05,66052.0
Hongkou,2498,2017,6,2017-06,67028.0
Hongkou,2498,2017,7,2017-07,66101.0
Hongkou,2498,2017,8,2017-08,62954.0
Hongkou,2498,2017,9,2017-09,62222.0
Hongkou,2498,2017,10,2017-10,61061.0
Hongkou,2498,2017,11,2017-11,60822.0
Hongkou,2498,2017,12,2017-12,60385.0
Hongkou,2498,2018,6,2018-06,56714.0
Hongkou,2498,2018,7,2018-07,58383.0
Hongkou,2498,2018,8,2018-08,57982.0
Hongkou,2498,2018,9,2018-09,58041.0
Hongkou,2498,2018,10,2018-10,57613.0
Hongkou,2498,2018,11,2018-11,57331.0
Hongkou,2498,2018,12,2018-12,56912.0
Hongkou,2498,2019,1,2019-01,56523.0
Hongkou,2498,2019,2,2019-02,56740.0
Hongkou,2498,2019,3,2019-03,57831.0
Hongkou,2498,2019,4,2019-04,58730.0
Hongkou,2498,2019,5,2019-05,58212.0
Hongkou,2498,2019,6,2019-06,58823.0
Hongkou,2498,2019,7,2019-07,58011.0
Hongkou,2498,2019,8,2019-08,58213.0
Hongkou,2498,2019,9,2019-09,58840.0
Hongkou,2498,2019,10,2019-10,58652.0
Hongkou,2498,2019,11,2019-11,58892.0
Hongkou,2498,2019,12,2019-12,58634.0
Hongkou,2498,2020,1,2020-01,56697.0
Hongkou,2498,2020,2,2020-02,60714.0
Hongkou,2498,2020,3,2020-03,57645.0
Hongkou,2498,2020,4,2020-04,58799.0
Hongkou,2498,2020,5,2020-05,59246.0
Hongkou,2498,2020,6,2020-06,59629.0
Hongkou,2498,2020,7,2020-07,59328.0
Hongkou,2498,2020,8,2020-08,63716.0
Hongkou,2498,2020,9,2020-09,63585.0
Hongkou,2498,2020,10,2020-10,62919.0
Hongkou,2498,2020,11,2020-11,66054.0
Hongkou,2498,2020,12,2020-12,66430.0
Hongkou,2498,2021,1,2021-01,72182.0
Hongkou,2498,2021,2,2021-02,70974.0
Hongkou,2498,2021,3,2021-03,71346.0
Hongkou,2498,2021,4,2021-04,74273.0
Hongkou,2498,2021,5,2021-05,76113.0
Hongkou,2498,2021,6,2021-06,79899.0
Hongkou,2498,2021,7,2021-07,78392.0
Hongkou,2498,2021,8,2021-08,78292.0
Hongkou,2498,2021,9,2021-09,69655.0
Hongkou,2498,2021,10,2021-10,69177.0
Hongkou,2498,2021,11,2021-11,70909.0
Hongkou,2498,2021,12,2021-12,72934.0
Hongkou,2498,2022,1,2022-01,69227.0
Hongkou,2498,2022,2,2022-02,73743.0
Hongkou,2498,2022,3,2022-03,75991.0
Hongkou,2498,2022,4,2022-04,73458.0
Hongkou,2498,2022,5,2022-05,70480.0
Hongkou,2498,2022,6,2022-06,68026.0
Hongkou,2498,2022,7,2022-07,67869.0
Hongkou,2498,2022,8,2022-08,73462.0
Hongkou,2498,2022,9,2022-09,75210.0
Hongkou,2498,2022,10,2022-10,77567.0
Hongkou,2498,2022,11,2022-11,75965.0
Hongkou,2498,2022,12,2022-12,82279.0
Hongkou,2498,2023,1,2023-01,83599.0
Hongkou,2498,2023,2,2023-02,76475.0
Hongkou,2498,2023,3,2023-03,78923.0
Hongkou,2498,2023,4,2023-04,79708.0
Hongkou,2498,2023,5,2023-05,79903.0
Hongkou,2498,2023,6,2023-06,81696.0
Hongkou,2498,2023,7,2023-07,76766.0
Hongkou,2498,2023,8,2023-08,76122.0
Hongkou,2498,2023,9,2023-09,79152.0
Hongkou,2498,2023,10,2023-10,77846.0
Hongkou,2498,2023,11,2023-11,77708.0
Hongkou,2498,2023,12,2023-12,80758.0
Hongkou,2498,2024,1,2024-01,80238.0
Hongkou,2498,2024,2,2024-02,78705.0
Hongkou,2498,2024,3,2024-03,77468.0
Hongkou,2498,2024,4,2024-04,77822.0
Hongkou,2498,2024,5,2024-05,79184.0
Hongkou,2498,2024,6,2024-06,77143.0
Hongkou,2498,2024,7,2024-07,75267.0
Hongkou,2498,2024,8,2024-08,76701.0
Hongkou,2498,2024,9,2024-09,75505.0
Hongkou,2498,2024,10,2024-10,74327.0
Hongkou,2498,2024,11,2024-11,73316.0
Hongkou,2498,2024,12,2024-12,77465.0
Hongkou,2498,2025,1,2025-01,74557.0
Hongkou,2498,2025,2,2025-02,72098.0
Hongkou,2498,2025,3,2025-03,70400.0
Hongkou,2498,2025,4,2025-04,69700.0
Hongkou,2498,2025,5,2025-05,68300.0
Hongkou,2498,2025,6,2025-06,73500.0
Hongkou,2498,2025,7,2025-07,83100.0
Hongkou,2498,2025,8,2025-08,73800.0
Hongkou,2498,2025,9,2025-09,72600.0
Hongkou,2498,2025,10,2025-10,68200.0
Hongkou,2498,2025,11,2025-11,65000.0
Hongkou,2498,2025,12,2025-12,62000.0
Huangpu,2497,2015,1,2015-01,45048.0
Huangpu,2497,2015,2,2015-02,45770.0
Huangpu,2497,2015,3,2015-03,45268.0
Huangpu,2497,2015,4,2015-04,45223.0
Huangpu,2497,2015,5,2015-05,46092.0
Huangpu,2497,2015,6,2015-06,46937.0
Huangpu,2497,2015,7,2015-07,48661.0
Huangpu,2497,2015,8,2015-08,49594.0
Huangpu,2497,2015,9,2015-09,50598.0
Huangpu,2497,2015,10,2015-10,51098.0
Huangpu,2497,2015,11,2015-11,52854.0
Huangpu,2497,2015,12,2015-12,55329.0
Huangpu,2497,2016,1,2016-01,57652.0
Huangpu,2497,2016,2,2016-02,59962.0
Huangpu,2497,2016,3,2016-03,67421.0
Huangpu,2497,2016,4,2016-04,67764.0
Huangpu,2497,2016,5,2016-05,67774.0
Huangpu,2497,2016,6,2016-06,69252.0
Huangpu,2497,2016,7,2016-07,68586.0
Huangpu,2497,2016,8,2016-08,67509.0
Huangpu,2497,2016,9,2016-09,69260.0
Huangpu,2497,2016,10,2016-10,71710.0
Huangpu,2497,2016,11,2016-11,74144.0
Huangpu,2497,2016,12,2016-12,74742.0
Huangpu,2497,2017,1,2017-01,74871.0
Huangpu,2497,2017,2,2017-02,74843.0
Huangpu,2497,2017,3,2017-03,74904.0
Huangpu,2497,2017,4,2017-04,75778.0
Huangpu,2497,2017,5,2017-05,79767.0
Huangpu,2497,2017,6,2017-06,80667.0
Huangpu,2497,2017,7,2017-07,82051.0
Huangpu,2497,2017,8,2017-08,83128.0
Huangpu,2497,2017,9,2017-09,82327.0
Huangpu,2497,2017,10,2017-10,81210.0
Huangpu,2497,2017,11,2017-11,81855.0
Huangpu,2497,2017,12,2017-12,81666.0
Huangpu,2497,2018,6,2018-06,82551.0
Huangpu,2497,2018,7,2018-07,82784.0
Huangpu,2497,2018,8,2018-08,81622.0
Huangpu,2497,2018,9,2018-09,80884.0
Huangpu,2497,2018,10,2018-10,78614.0
Huangpu,2497,2018,11,2018-11,78782.0
Huangpu,2497,2018,12,2018-12,80082.0
Huangpu,2497,2019,1,2019-01,78440.0
Huangpu,2497,2019,2,2019-02,80214.0
Huangpu,2497,2019,3,2019-03,80043.0
Huangpu,2497,2019,4,2019-04,80982.0
Huangpu,2497,2019,5,2019-05,80043.0
Huangpu,2497,2019,6,2019-06,82533.0
Huangpu,2497,2019,7,2019-07,83212.0
Huangpu,2497,2019,8,2019-08,84932.0
Huangpu,2497,2019,9,2019-09,85473.0
Huangpu,2497,2019,10,2019-10,86214.0
Huangpu,2497,2019,11,2019-11,86235.0
Huangpu,2497,2019,12,2019-12,85271.0
Huangpu,2497,2020,1,2020-01,84601.0
Huangpu,2497,2020,2,2020-02,84920.0
Huangpu,2497,2020,3,2020-03,85560.0
Huangpu,2497,2020,4,2020-04,86036.0
Huangpu,2497,2020,5,2020-05,87135.0
Huangpu,2497,2020,6,2020-06,89218.0
Huangpu,2497,2020,7,2020-07,86950.0
Huangpu,2497,2020,8,2020-08,92412.0
Huangpu,2497,2020,9,2020-09,93074.0
Huangpu,2497,2020,10,2020-10,98355.0
Huangpu,2497,2020,11,2020-11,96913.0
Huangpu,2497,2020,12,2020-12,99211.0
Huangpu,2497,2021,1,2021-01,105433.0
Huangpu,2497,2021,2,2021-02,102469.0
Huangpu,2497,2021,3,2021-03,107005.0
Huangpu,2497,2021,4,2021-04,117547.0
Huangpu,2497,2021,5,2021-05,118309.0
Huangpu,2497,2021,6,2021-06,124880.0
Huangpu,2497,2021,7,2021-07,126920.0
Huangpu,2497,2021,8,2021-08,124566.0
Huangpu,2497,2021,9,2021-09,109179.0
Huangpu,2497,2021,10,2021-10,104839.0
Huangpu,2497,2021,11,2021-11,106885.0
Huangpu,2497,2021,12,2021-12,105790.0
Huangpu,2497,2022,1,2022-01,109412.0
Huangpu,2497,2022,2,2022-02,110700.0
Huangpu,2497,2022,3,2022-03,103723.0
Huangpu,2497,2022,4,2022-04,102182.0
Huangpu,2497,2022,5,2022-05,108325.0
Huangpu,2497,2022,6,2022-06,106558.0
Huangpu,2497,2022,7,2022-07,103871.0
Huangpu,2497,2022,8,2022-08,111565.0
Huangpu,2497,2022,9,2022-09,112009.0
Huangpu,2497,2022,10,2022-10,113072.0
Huangpu,2497,2022,11,2022-11,115759.0
Huangpu,2497,2022,12,2022-12,120000.0
Huangpu,2497,2023,1,2023-01,120721.0
Huangpu,2497,2023,2,2023-02,122230.0
Huangpu,2497,2023,3,2023-03,128605.0
Huangpu,2497,2023,4,2023-04,129354.0
Huangpu,2497,2023,5,2023-05,127376.0
Huangpu,2497,2023,6,2023-06,125024.0
Huangpu,2497,2023,7,2023-07,121698.0
Huangpu,2497,2023,8,2023-08,138495.0
Huangpu,2497,2023,9,2023-09,131455.0
Huangpu,2497,2023,10,2023-10,129002.0
Huangpu,2497,2023,11,2023-11,129755.0
Huangpu,2497,2023,12,2023-12,129867.0
Huangpu,2497,2024,1,2024-01,125250.0
Huangpu,2497,2024,2,2024-02,147434.0
Huangpu,2497,2024,3,2024-03,140130.0
Huangpu,2497,2024,4,2024-04,129976.0
Huangpu,2497,2024,5,2024-05,124510.0
Huangpu,2497,2024,6,2024-06,121616.0
Huangpu,2497,2024,7,2024-07,124388.0
Huangpu,2497,2024,8,2024-08,125870.0
Huangpu,2497,2024,9,2024-09,122076.0
Huangpu,2497,2024,10,2024-10,121780.0
Huangpu,2497,2024,11,2024-11,116154.0
Huangpu,2497,2024,12,2024-12,121498.0
Huangpu,2497,2025,1,2025-01,131748.0
Huangpu,2497,2025,2,2025-02,121107.0
Huangpu,2497,2025,3,2025-03,118000.0
Huangpu,2497,2025,4,2025-04,111000.0
Huangpu,2497,2025,5,2025-05,114000.0
Huangpu,2497,2025,6,2025-06,113000.0
Huangpu,2497,2025,7,2025-07,113000.0
Huangpu,2497,2025,8,2025-08,110000.0
Huangpu,2497,2025,9,2025-09,109000.0
Huangpu,2497,2025,10,2025-10,102000.0
Huangpu,2497,2025,11,2025-11,105000.0
Huangpu,2497,2025,12,2025-12,104000.0
Jiading,2495,2015,1,2015-01,18131.0
Jiading,2495,2015,2,2015-02,18839.0
Jiading,2495,2015,3,2015-03,18486.0
Jiading,2495,2015,4,2015-04,18461.0
Jiading,2495,2015,5,2015-05,18693.0
Jiading,2495,2015,6,2015-06,18927.0
Jiading,2495,2015,7,2015-07,19552.0
Jiading,2495,2015,8,2015-08,19942.0
Jiading,2495,2015,9,2015-09,20086.0
Jiading,2495,2015,10,2015-10,20172.0
Jiading,2495,2015,11,2015-11,20191.0
Jiading,2495,2015,12,2015-12,20395.0
Jiading,2495,2016,1,2016-01,21123.0
Jiading,2495,2016,2,2016-02,22234.0
Jiading,2495,2016,3,2016-03,24168.0
Jiading,2495,2016,4,2016-04,24455.0
Jiading,2495,2016,5,2016-05,23593.0
Jiading,2495,2016,6,2016-06,23544.0
Jiading,2495,2016,7,2016-07,24339.0
Jiading,2495,2016,8,2016-08,26505.0
Jiading,2495,2016,9,2016-09,29427.0
Jiading,2495,2016,10,2016-10,32103.0
Jiading,2495,2016,11,2016-11,31762.0
Jiading,2495,2016,12,2016-12,31736.0
Jiading,2495,2017,1,2017-01,32495.0
Jiading,2495,2017,2,2017-02,33510.0
Jiading,2495,2017,3,2017-03,31992.0
Jiading,2495,2017,4,2017-04,32478.0
Jiading,2495,2017,5,2017-05,34218.0
Jiading,2495,2017,6,2017-06,33467.0
Jiading,2495,2017,7,2017-07,34532.0
Jiading,2495,2017,8,2017-08,33223.0
Jiading,2495,2017,9,2017-09,32844.0
Jiading,2495,2017,10,2017-10,32967.0
Jiading,2495,2017,11,2017-11,32106.0
Jiading,2495,2017,12,2017-12,31951.0
Jiading,2495,2018,6,2018-06,30763.0
Jiading,2495,2018,7,2018-07,31403.0
Jiading,2495,2018,8,2018-08,30594.0
Jiading,2495,2018,9,2018-09,30554.0
Jiading,2495,2018,10,2018-10,30613.0
Jiading,2495,2018,11,2018-11,30313.0
Jiading,2495,2018,12,2018-12,31243.0
Jiading,2495,2019,1,2019-01,30954.0
Jiading,2495,2019,2,2019-02,31121.0
Jiading,2495,2019,3,2019-03,32113.0
Jiading,2495,2019,4,2019-04,32303.0
Jiading,2495,2019,5,2019-05,31812.0
Jiading,2495,2019,6,2019-06,31971.0
Jiading,2495,2019,7,2019-07,32643.0
Jiading,2495,2019,8,2019-08,32651.0
Jiading,2495,2019,9,2019-09,32954.0
Jiading,2495,2019,10,2019-10,32920.0
Jiading,2495,2019,11,2019-11,32915.0
Jiading,2495,2019,12,2019-12,32537.0
Jiading,2495,2020,1,2020-01,31479.0
Jiading,2495,2020,2,2020-02,33486.0
Jiading,2495,2020,3,2020-03,34138.0
Jiading,2495,2020,4,2020-04,34528.0
Jiading,2495,2020,5,2020-05,34386.0
Jiading,2495,2020,6,2020-06,34789.0
Jiading,2495,2020,7,2020-07,34537.0
Jiading,2495,2020,8,2020-08,35299.0
Jiading,2495,2020,9,2020-09,34647.0
Jiading,2495,2020,10,2020-10,36885.0
Jiading,2495,2020,11,2020-11,36376.0
Jiading,2495,2020,12,2020-12,37290.0
Jiading,2495,2021,1,2021-01,37462.0
Jiading,2495,2021,2,2021-02,37925.0
Jiading,2495,2021,3,2021-03,38277.0
Jiading,2495,2021,4,2021-04,40383.0
Jiading,2495,2021,5,2021-05,43667.0
Jiading,2495,2021,6,2021-06,45773.0
Jiading,2495,2021,7,2021-07,45071.0
Jiading,2495,2021,8,2021-08,43610.0
Jiading,2495,2021,9,2021-09,40440.0
Jiading,2495,2021,10,2021-10,41110.0
Jiading,2495,2021,11,2021-11,41416.0
Jiading,2495,2021,12,2021-12,41749.0
Jiading,2495,2022,1,2022-01,44037.0
Jiading,2495,2022,2,2022-02,44233.0
Jiading,2495,2022,3,2022-03,45325.0
Jiading,2495,2022,4,2022-04,43548.0
Jiading,2495,2022,5,2022-05,41004.0
Jiading,2495,2022,6,2022-06,41185.0
Jiading,2495,2022,7,2022-07,41911.0
Jiading,2495,2022,8,2022-08,42342.0
Jiading,2495,2022,9,2022-09,44959.0
Jiading,2495,2022,10,2022-10,44254.0
Jiading,2495,2022,11,2022-11,44721.0
Jiading,2495,2022,12,2022-12,47411.0
Jiading,2495,2023,1,2023-01,45978.0
Jiading,2495,2023,2,2023-02,45424.0
Jiading,2495,2023,3,2023-03,49025.0
Jiading,2495,2023,4,2023-04,47095.0
Jiading,2495,2023,5,2023-05,46345.0
Jiading,2495,2023,6,2023-06,46014.0
Jiading,2495,2023,7,2023-07,44551.0
Jiading,2495,2023,8,2023-08,48721.0
Jiading,2495,2023,9,2023-09,46746.0
Jiading,2495,2023,10,2023-10,46213.0
Jiading,2495,2023,11,2023-11,46575.0
Jiading,2495,2023,12,2023-12,47973.0
Jiading,2495,2024,1,2024-01,47328.0
Jiading,2495,2024,2,2024-02,43687.0
Jiading,2495,2024,3,2024-03,45035.0
Jiading,2495,2024,4,2024-04,45042.0
Jiading,2495,2024,5,2024-05,44543.0
Jiading,2495,2024,6,2024-06,45435.0
Jiading,2495,2024,7,2024-07,45407.0
Jiading,2495,2024,8,2024-08,44327.0
Jiading,2495,2024,9,2024-09,42512.0
Jiading,2495,2024,10,2024-10,42821.0
Jiading,2495,2024,11,2024-11,42702.0
Jiading,2495,2024,12,2024-12,43380.0
Jiading,2495,2025,1,2025-01,44100.0
Jiading,2495,2025,2,2025-02,42666.0
Jiading,2495,2025,3,2025-03,43200.0
Jiading,2495,2025,4,2025-04,42500.0
Jiading,2495,2025,5,2025-05,42900.0
Jiading,2495,2025,6,2025-06,41700.0
Jiading,2495,2025,7,2025-07,40900.0
Jiading,2495,2025,8,2025-08,41200.0
Jiading,2495,2025,9,2025-09,41700.0
Jiading,2495,2025,10,2025-10,40000.0
Jiading,2495,2025,11,2025-11,39800.0
Jiading,2495,2025,12,2025-12,41500.0
Jingan,2496,2015,1,2015-01,49631.0
Jingan,2496,2015,2,2015-02,50175.0
Jingan,2496,2015,3,2015-03,50207.0
Jingan,2496,2015,4,2015-04,49559.0
Jingan,2496,2015,5,2015-05,50325.0
Jingan,2496,2015,6,2015-06,52628.0
Jingan,2496,2015,7,2015-07,53921.0
Jingan,2496,2015,8,2015-08,54638.0
Jingan,2496,2015,9,2015-09,54490.0
Jingan,2496,2015,10,2015-10,55993.0
Jingan,2496,2015,11,2015-11,58775.0
Jingan,2496,2015,12,2015-12,61293.0
Jingan,2496,2016,1,2016-01,65208.0
Jingan,2496,2016,2,2016-02,69845.0
Jingan,2496,2016,3,2016-03,74798.0
Jingan,2496,2016,4,2016-04,76458.0
Jingan,2496,2016,5,2016-05,76672.0
Jingan,2496,2016,6,2016-06,77135.0
Jingan,2496,2016,7,2016-07,77387.0
Jingan,2496,2016,8,2016-08,78575.0
Jingan,2496,2016,9,2016-09,81064.0
Jingan,2496,2016,10,2016-10,83051.0
Jingan,2496,2016,11,2016-11,82226.0
Jingan,2496,2016,12,2016-12,83369.0
Jingan,2496,2017,1,2017-01,85147.0
Jingan,2496,2017,2,2017-02,84824.0
Jingan,2496,2017,3,2017-03,85399.0
Jingan,2496,2017,4,2017-04,86669.0
Jingan,2496,2017,5,2017-05,89409.0
Jingan,2496,2017,6,2017-06,91649.0
Jingan,2496,2017,7,2017-07,85497.0
Jingan,2496,2017,8,2017-08,69096.0
Jingan,2496,2017,9,2017-09,68264.0
Jingan,2496,2017,10,2017-10,67994.0
Jingan,2496,2017,11,2017-11,66961.0
Jingan,2496,2017,12,2017-12,65913.0
Jingan,2496,2018,6,2018-06,90584.0
Jingan,2496,2018,7,2018-07,93531.0
Jingan,2496,2018,8,2018-08,91631.0
Jingan,2496,2018,9,2018-09,91121.0
Jingan,2496,2018,10,2018-10,90502.0
Jingan,2496,2018,11,2018-11,92231.0
Jingan,2496,2018,12,2018-12,88812.0
Jingan,2496,2019,1,2019-01,90380.0
Jingan,2496,2019,2,2019-02,92740.0
Jingan,2496,2019,3,2019-03,93113.0
Jingan,2496,2019,4,2019-04,88822.0
Jingan,2496,2019,5,2019-05,91311.0
Jingan,2496,2019,6,2019-06,90781.0
Jingan,2496,2019,7,2019-07,94131.0
Jingan,2496,2019,8,2019-08,93411.0
Jingan,2496,2019,9,2019-09,90940.0
Jingan,2496,2019,10,2019-10,90760.0
Jingan,2496,2019,11,2019-11,90097.0
Jingan,2496,2019,12,2019-12,89607.0
Jingan,2496,2020,1,2020-01,89707.0
Jingan,2496,2020,2,2020-02,66090.0
Jingan,2496,2020,3,2020-03,66489.0
Jingan,2496,2020,4,2020-04,66431.0
Jingan,2496,2020,5,2020-05,65174.0
Jingan,2496,2020,6,2020-06,66951.0
Jingan,2496,2020,7,2020-07,67459.0
Jingan,2496,2020,8,2020-08,71388.0
Jingan,2496,2020,9,2020-09,70317.0
Jingan,2496,2020,10,2020-10,74229.0
Jingan,2496,2020,11,2020-11,73771.0
Jingan,2496,2020,12,2020-12,76623.0
Jingan,2496,2021,1,2021-01,78163.0
Jingan,2496,2021,2,2021-02,77158.0
Jingan,2496,2021,3,2021-03,84549.0
Jingan,2496,2021,4,2021-04,89346.0
Jingan,2496,2021,5,2021-05,91757.0
Jingan,2496,2021,6,2021-06,99448.0
Jingan,2496,2021,7,2021-07,96297.0
Jingan,2496,2021,8,2021-08,93199.0
Jingan,2496,2021,9,2021-09,91294.0
Jingan,2496,2021,10,2021-10,92602.0
Jingan,2496,2021,11,2021-11,89795.0
Jingan,2496,2021,12,2021-12,90888.0
Jingan,2496,2022,1,2022-01,91367.0
Jingan,2496,2022,2,2022-02,97544.0
Jingan,2496,2022,3,2022-03,96471.0
Jingan,2496,2022,4,2022-04,94601.0
Jingan,2496,2022,5,2022-05,82323.0
Jingan,2496,2022,6,2022-06,84476.0
Jingan,2496,2022,7,2022-07,84363.0
Jingan,2496,2022,8,2022-08,87945.0
Jingan,2496,2022,9,2022-09,87329.0
Jingan,2496,2022,10,2022-10,90701.0
Jingan,2496,2022,11,2022-11,92087.0
Jingan,2496,2022,12,2022-12,94199.0
Jingan,2496,2023,1,2023-01,95977.0
Jingan,2496,2023,2,2023-02,94782.0
Jingan,2496,2023,3,2023-03,96815.0
Jingan,2496,2023,4,2023-04,98243.0
Jingan,2496,2023,5,2023-05,96901.0
Jingan,2496,2023,6,2023-06,98202.0
Jingan,2496,2023,7,2023-07,96367.0
Jingan,2496,2023,8,2023-08,96232.0
Jingan,2496,2023,9,2023-09,98552.0
Jingan,2496,2023,10,2023-10,99094.0
Jingan,2496,2023,11,2023-11,96101.0
Jingan,2496,2023,12,2023-12,98982.0
Jingan,2496,2024,1,2024-01,97619.0
Jingan,2496,2024,2,2024-02,101824.0
Jingan,2496,2024,3,2024-03,97067.0
Jingan,2496,2024,4,2024-04,96713.0
Jingan,2496,2024,5,2024-05,94579.0
Jingan,2496,2024,6,2024-06,94320.0
Jingan,2496,2024,7,2024-07,92195.0
Jingan,2496,2024,8,2024-08,93414.0
Jingan,2496,2024,9,2024-09,92801.0
Jingan,2496,2024,10,2024-10,95312.0
Jingan,2496,2024,11,2024-11,92050.0
Jingan,2496,2024,12,2024-12,92856.0
Jingan,2496,2025,1,2025-01,94804.0
Jingan,2496,2025,2,2025-02,91480.0
Jingan,2496,2025,3,2025-03,90100.0
Jingan,2496,2025,4,2025-04,89000.0
Jingan,2496,2025,5,2025-05,88500.0
Jingan,2496,2025,6,2025-06,86500.0
Jingan,2496,2025,7,2025-07,81100.0
Jingan,2496,2025,8,2025-08,84900.0
Jingan,2496,2025,9,2025-09,87600.0
Jingan,2496,2025,10,2025-10,85200.0
Jingan,2496,2025,11,2025-11,80700.0
Jingan,2496,2025,12,2025-12,80000.0
Jinshan,2494,2015,1,2015-01,9158.0
Jinshan,2494,2015,2,2015-02,9077.0
Jinshan,2494,2015,3,2015-03,9125.0
Jinshan,2494,2015,4,2015-04,9177.0
Jinshan,2494,2015,5,2015-05,9031.0
Jinshan,2494,2015,6,2015-06,9093.0
Jinshan,2494,2015,7,2015-07,8975.0
Jinshan,2494,2015,8,2015-08,9144.0
Jinshan,2494,2015,9,2015-09,9155.0
Jinshan,2494,2015,10,2015-10,8884.0
Jinshan,2494,2015,11,2015-11,10553.0
Jinshan,2494,2015,12,2015-12,8976.0
Jinshan,2494,2016,1,2016-01,8976.0
Jinshan,2494,2016,2,2016-02,9083.0
Jinshan,2494,2016,3,2016-03,9378.0
Jinshan,2494,2016,4,2016-04,9445.0
Jinshan,2494,2016,5,2016-05,9607.0
Jinshan,2494,2016,6,2016-06,9910.0
Jinshan,2494,2016,7,2016-07,10367.0
Jinshan,2494,2016,8,2016-08,12042.0
Jinshan,2494,2016,9,2016-09,12566.0
Jinshan,2494,2016,10,2016-10,14234.0
Jinshan,2494,2016,11,2016-11,15086.0
Jinshan,2494,2016,12,2016-12,16043.0
Jinshan,2494,2017,1,2017-01,15673.0
Jinshan,2494,2017,2,2017-02,16091.0
Jinshan,2494,2017,3,2017-03,15667.0
Jinshan,2494,2017,4,2017-04,15783.0
Jinshan,2494,2017,5,2017-05,17183.0
Jinshan,2494,2017,6,2017-06,17804.0
Jinshan,2494,2017,7,2017-07,17570.0
Jinshan,2494,2017,8,2017-08,17376.0
Jinshan,2494,2017,9,2017-09,17004.0
Jinshan,2494,2017,10,2017-10,16480.0
Jinshan,2494,2017,11,2017-11,15546.0
Jinshan,2494,2017,12,2017-12,15191.0
Jinshan,2494,2018,6,2018-06,18304.0
Jinshan,2494,2018,7,2018-07,18192.0
Jinshan,2494,2018,8,2018-08,17991.0
Jinshan,2494,2018,9,2018-09,18272.0
Jinshan,2494,2018,10,2018-10,18352.0
Jinshan,2494,2018,11,2018-11,19432.0
Jinshan,2494,2018,12,2018-12,18931.0
Jinshan,2494,2019,1,2019-01,18960.0
Jinshan,2494,2019,2,2019-02,19261.0
Jinshan,2494,2019,3,2019-03,20012.0
Jinshan,2494,2019,4,2019-04,19802.0
Jinshan,2494,2019,5,2019-05,19611.0
Jinshan,2494,2019,6,2019-06,19311.0
Jinshan,2494,2019,7,2019-07,18914.0
Jinshan,2494,2019,8,2019-08,18712.0
Jinshan,2494,2019,9,2019-09,18933.0
Jinshan,2494,2019,10,2019-10,18840.0
Jinshan,2494,2019,11,2019-11,18829.0
Jinshan,2494,2019,12,2019-12,17508.0
Jinshan,2494,2020,1,2020-01,17607.0
Jinshan,2494,2020,2,2020-02,19509.0
Jinshan,2494,2020,3,2020-03,19108.0
Jinshan,2494,2020,4,2020-04,19280.0
Jinshan,2494,2020,5,2020-05,18239.0
Jinshan,2494,2020,6,2020-06,18914.0
Jinshan,2494,2020,7,2020-07,16706.0
Jinshan,2494,2020,8,2020-08,16329.0
Jinshan,2494,2020,9,2020-09,16825.0
Jinshan,2494,2020,10,2020-10,18276.0
Jinshan,2494,2020,11,2020-11,18306.0
Jinshan,2494,2020,12,2020-12,18156.0
Jinshan,2494,2021,1,2021-01,17318.0
Jinshan,2494,2021,2,2021-02,17543.0
Jinshan,2494,2021,3,2021-03,19506.0
Jinshan,2494,2021,4,2021-04,19214.0
Jinshan,2494,2021,5,2021-05,19217.0
Jinshan,2494,2021,6,2021-06,19356.0
Jinshan,2494,2021,7,2021-07,18942.0
Jinshan,2494,2021,8,2021-08,18488.0
Jinshan,2494,2021,9,2021-09,19035.0
Jinshan,2494,2021,10,2021-10,18550.0
Jinshan,2494,2021,11,2021-11,17988.0
Jinshan,2494,2021,12,2021-12,17633.0
Jinshan,2494,2022,1,2022-01,18905.0
Jinshan,2494,2022,2,2022-02,19001.0
Jinshan,2494,2022,3,2022-03,18734.0
Jinshan,2494,2022,4,2022-04,19154.0
Jinshan,2494,2022,5,2022-05,19206.0
Jinshan,2494,2022,6,2022-06,19813.0
Jinshan,2494,2022,7,2022-07,19117.0
Jinshan,2494,2022,8,2022-08,19932.0
Jinshan,2494,2022,9,2022-09,19844.0
Jinshan,2494,2022,10,2022-10,18917.0
Jinshan,2494,2022,11,2022-11,20105.0
Jinshan,2494,2022,12,2022-12,17934.0
Jinshan,2494,2023,1,2023-01,19322.0
Jinshan,2494,2023,2,2023-02,19465.0
Jinshan,2494,2023,3,2023-03,17990.0
Jinshan,2494,2023,4,2023-04,18044.0
Jinshan,2494,2023,5,2023-05,19135.0
Jinshan,2494,2023,6,2023-06,19206.0
Jinshan,2494,2023,7,2023-07,19018.0
Jinshan,2494,2023,8,2023-08,18041.0
Jinshan,2494,2023,9,2023-09,17988.0
Jinshan,2494,2023,10,2023-10,17831.0
Jinshan,2494,2023,11,2023-11,17824.0
Jinshan,2494,2023,12,2023-12,17822.0
Jinshan,2494,2024,1,2024-01,18576.0
Jinshan,2494,2024,2,2024-02,18664.0
Jinshan,2494,2024,3,2024-03,18275.0
Jinshan,2494,2024,4,2024-04,17358.0
Jinshan,2494,2024,5,2024-05,17464.0
Jinshan,2494,2024,6,2024-06,18372.0
Jinshan,2494,2024,7,2024-07,17491.0
Jinshan,2494,2024,8,2024-08,17758.0
Jinshan,2494,2024,9,2024-09,17184.0
Jinshan,2494,2024,10,2024-10,17603.0
Jinshan,2494,2024,11,2024-11,16911.0
Jinshan,2494,2024,12,2024-12,17155.0
Jinshan,2494,2025,1,2025-01,17374.0
Jinshan,2494,2025,2,2025-02,15088.0
Jinshan,2494,2025,3,2025-03,17200.0
Jinshan,2494,2025,4,2025-04,16400.0
Jinshan,2494,2025,5,2025-05,16100.0
Jinshan,2494,2025,6,2025-06,17200.0
Jinshan,2494,2025,7,2025-07,16300.0
Jinshan,2494,2025,8,2025-08,16600.0
Jinshan,2494,2025,9,2025-09,16200.0
Jinshan,2494,2025,10,2025-10,17100.0
Jinshan,2494,2025,11,2025-11,15500.0
Jinshan,2494,2025,12,2025-12,16300.0
Minhang,2492,2015,1,2015-01,27241.0
Minhang,2492,2015,2,2015-02,27198.0
Minhang,2492,2015,3,2015-03,27310.0
Minhang,2492,2015,4,2015-04,27379.0
Minhang,2492,2015,5,2015-05,27862.0
Minhang,2492,2015,6,2015-06,28133.0
Minhang,2492,2015,7,2015-07,28444.0
Minhang,2492,2015,8,2015-08,28631.0
Minhang,2492,2015,9,2015-09,28738.0
Minhang,2492,2015,10,2015-10,29052.0
Minhang,2492,2015,11,2015-11,29428.0
Minhang,2492,2015,12,2015-12,29830.0
Minhang,2492,2016,1,2016-01,31238.0
Minhang,2492,2016,2,2016-02,32262.0
Minhang,2492,2016,3,2016-03,38319.0
Minhang,2492,2016,4,2016-04,39531.0
Minhang,2492,2016,5,2016-05,39538.0
Minhang,2492,2016,6,2016-06,39584.0
Minhang,2492,2016,7,2016-07,39618.0
Minhang,2492,2016,8,2016-08,40209.0
Minhang,2492,2016,9,2016-09,41909.0
Minhang,2492,2016,10,2016-10,44847.0
Minhang,2492,2016,11,2016-11,47353.0
Minhang,2492,2016,12,2016-12,47875.0
Minhang,2492,2017,1,2017-01,48672.0
Minhang,2492,2017,2,2017-02,48929.0
Minhang,2492,2017,3,2017-03,48565.0
Minhang,2492,2017,4,2017-04,48996.0
Minhang,2492,2017,5,2017-05,50397.0
Minhang,2492,2017,6,2017-06,50107.0
Minhang,2492,2017,7,2017-07,49888.0
Minhang,2492,2017,8,2017-08,48729.0
Minhang,2492,2017,9,2017-09,48318.0
Minhang,2492,2017,10,2017-10,47501.0
Minhang,2492,2017,11,2017-11,47442.0
Minhang,2492,2017,12,2017-12,47055.0
Minhang,2492,2018,6,2018-06,46971.0
Minhang,2492,2018,7,2018-07,47214.0
Minhang,2492,2018,8,2018-08,46642.0
Minhang,2492,2018,9,2018-09,46361.0
Minhang,2492,2018,10,2018-10,45523.0
Minhang,2492,2018,11,2018-11,45154.0
Minhang,2492,2018,12,2018-12,45913.0
Minhang,2492,2019,1,2019-01,46113.0
Minhang,2492,2019,2,2019-02,46352.0
Minhang,2492,2019,3,2019-03,45770.0
Minhang,2492,2019,4,2019-04,45720.0
Minhang,2492,2019,5,2019-05,44613.0
Minhang,2492,2019,6,2019-06,45554.0
Minhang,2492,2019,7,2019-07,46622.0
Minhang,2492,2019,8,2019-08,46343.0
Minhang,2492,2019,9,2019-09,46380.0
Minhang,2492,2019,10,2019-10,46783.0
Minhang,2492,2019,11,2019-11,47200.0
Minhang,2492,2019,12,2019-12,46195.0
Minhang,2492,2020,1,2020-01,47872.0
Minhang,2492,2020,2,2020-02,46807.0
Minhang,2492,2020,3,2020-03,48431.0
Minhang,2492,2020,4,2020-04,48301.0
Minhang,2492,2020,5,2020-05,49269.0
Minhang,2492,2020,6,2020-06,50934.0
Minhang,2492,2020,7,2020-07,48683.0
Minhang,2492,2020,8,2020-08,50030.0
Minhang,2492,2020,9,2020-09,49501.0
Minhang,2492,2020,10,2020-10,50335.0
Minhang,2492,2020,11,2020-11,53537.0
Minhang,2492,2020,12,2020-12,51713.0
Minhang,2492,2021,1,2021-01,53940.0
Minhang,2492,2021,2,2021-02,55184.0
Minhang,2492,2021,3,2021-03,57747.0
Minhang,2492,2021,4,2021-04,63787.0
Minhang,2492,2021,5,2021-05,63441.0
Minhang,2492,2021,6,2021-06,65739.0
Minhang,2492,2021,7,2021-07,64573.0
Minhang,2492,2021,8,2021-08,63338.0
Minhang,2492,2021,9,2021-09,61692.0
Minhang,2492,2021,10,2021-10,60034.0
Minhang,2492,2021,11,2021-11,64702.0
Minhang,2492,2021,12,2021-12,63370.0
Minhang,2492,2022,1,2022-01,63849.0
Minhang,2492,2022,2,2022-02,59589.0
Minhang,2492,2022,3,2022-03,62588.0
Minhang,2492,2022,4,2022-04,63008.0
Minhang,2492,2022,5,2022-05,65293.0
Minhang,2492,2022,6,2022-06,65907.0
Minhang,2492,2022,7,2022-07,66415.0
Minhang,2492,2022,8,2022-08,66066.0
Minhang,2492,2022,9,2022-09,64732.0
Minhang,2492,2022,10,2022-10,65300.0
Minhang,2492,2022,11,2022-11,65056.0
Minhang,2492,2022,12,2022-12,66190.0
Minhang,2492,2023,1,2023-01,66221.0
Minhang,2492,2023,2,2023-02,64509.0
Minhang,2492,2023,3,2023-03,64897.0
Minhang,2492,2023,4,2023-04,63400.0
Minhang,2492,2023,5,2023-05,65791.0
Minhang,2492,2023,6,2023-06,64978.0
Minhang,2492,2023,7,2023-07,65079.0
Minhang,2492,2023,8,2023-08,66039.0
Minhang,2492,2023,9,2023-09,66394.0
Minhang,2492,2023,10,2023-10,65686.0
Minhang,2492,2023,11,2023-11,65410.0
Minhang,2492,2023,12,2023-12,66265.0
Minhang,2492,2024,1,2024-01,66606.0
Minhang,2492,2024,2,2024-02,62082.0
Minhang,2492,2024,3,2024-03,62966.0
Minhang,2492,2024,4,2024-04,63291.0
Minhang,2492,2024,5,2024-05,63385.0
Minhang,2492,2024,6,2024-06,63852.0
Minhang,2492,2024,7,2024-07,63765.0
Minhang,2492,2024,8,2024-08,61898.0
Minhang,2492,2024,9,2024-09,60930.0
Minhang,2492,2024,10,2024-10,60723.0
Minhang,2492,2024,11,2024-11,60417.0
Minhang,2492,2024,12,2024-12,60195.0
Minhang,2492,2025,1,2025-01,58844.0
Minhang,2492,2025,2,2025-02,61958.0
Minhang,2492,2025,3,2025-03,59400.0
Minhang,2492,2025,4,2025-04,58900.0
Minhang,2492,2025,5,2025-05,58200.0
Minhang,2492,2025,6,2025-06,56400.0
Minhang,2492,2025,7,2025-07,60100.0
Minhang,2492,2025,8,2025-08,58200.0
Minhang,2492,2025,9,2025-09,61400.0
Minhang,2492,2025,10,2025-10,58500.0
Minhang,2492,2025,11,2025-11,55800.0
Minhang,2492,2025,12,2025-12,55900.0
Pudong,2491,2015,1,2015-01,30356.0
Pudong,2491,2015,2,2015-02,30425.0
Pudong,2491,2015,3,2015-03,30338.0
Pudong,2491,2015,4,2015-04,30465.0
Pudong,2491,2015,5,2015-05,30803.0
Pudong,2491,2015,6,2015-06,31090.0
Pudong,2491,2015,7,2015-07,31490.0
Pudong,2491,2015,8,2015-08,31276.0
Pudong,2491,2015,9,2015-09,31471.0
Pudong,2491,2015,10,2015-10,31777.0
Pudong,2491,2015,11,2015-11,32383.0
Pudong,2491,2015,12,2015-12,33344.0
Pudong,2491,2016,1,2016-01,35252.0
Pudong,2491,2016,2,2016-02,37103.0
Pudong,2491,2016,3,2016-03,44284.0
Pudong,2491,2016,4,2016-04,46575.0
Pudong,2491,2016,5,2016-05,46659.0
Pudong,2491,2016,6,2016-06,46577.0
Pudong,2491,2016,7,2016-07,46302.0
Pudong,2491,2016,8,2016-08,46796.0
Pudong,2491,2016,9,2016-09,48254.0
Pudong,2491,2016,10,2016-10,49546.0
Pudong,2491,2016,11,2016-11,51422.0
Pudong,2491,2016,12,2016-12,52178.0
Pudong,2491,2017,1,2017-01,52587.0
Pudong,2491,2017,2,2017-02,52711.0
Pudong,2491,2017,3,2017-03,52911.0
Pudong,2491,2017,4,2017-04,53189.0
Pudong,2491,2017,5,2017-05,55184.0
Pudong,2491,2017,6,2017-06,55574.0
Pudong,2491,2017,7,2017-07,55211.0
Pudong,2491,2017,8,2017-08,54585.0
Pudong,2491,2017,9,2017-09,54529.0
Pudong,2491,2017,10,2017-10,54511.0
Pudong,2491,2017,11,2017-11,54666.0
Pudong,2491,2017,12,2017-12,54702.0
Pudong,2491,2018,6,2018-06,56532.0
Pudong,2491,2018,7,2018-07,55972.0
Pudong,2491,2018,8,2018-08,55593.0
Pudong,2491,2018,9,2018-09,54743.0
Pudong,2491,2018,10,2018-10,53983.0
Pudong,2491,2018,11,2018-11,54114.0
Pudong,2491,2018,12,2018-12,54103.0
Pudong,2491,2019,1,2019-01,54152.0
Pudong,2491,2019,2,2019-02,52972.0
Pudong,2491,2019,3,2019-03,52840.0
Pudong,2491,2019,4,2019-04,53602.0
Pudong,2491,2019,5,2019-05,54302.0
Pudong,2491,2019,6,2019-06,53261.0
Pudong,2491,2019,7,2019-07,54632.0
Pudong,2491,2019,8,2019-08,53152.0
Pudong,2491,2019,9,2019-09,53213.0
Pudong,2491,2019,10,2019-10,53980.0
Pudong,2491,2019,11,2019-11,54905.0
Pudong,2491,2019,12,2019-12,53724.0
Pudong,2491,2020,1,2020-01,52862.0
Pudong,2491,2020,2,2020-02,54418.0
Pudong,2491,2020,3,2020-03,55438.0
Pudong,2491,2020,4,2020-04,53164.0
Pudong,2491,2020,5,2020-05,55387.0
Pudong,2491,2020,6,2020-06,57556.0
Pudong,2491,2020,7,2020-07,57075.0
Pudong,2491,2020,8,2020-08,59557.0
Pudong,2491,2020,9,2020-09,57921.0
Pudong,2491,2020,10,2020-10,59490.0
Pudong,2491,2020,11,2020-11,61913.0
Pudong,2491,2020,12,2020-12,61782.0
Pudong,2491,2021,1,2021-01,63715.0
Pudong,2491,2021,2,2021-02,63422.0
Pudong,2491,2021,3,2021-03,68131.0
Pudong,2491,2021,4,2021-04,71458.0
Pudong,2491,2021,5,2021-05,71266.0
Pudong,2491,2021,6,2021-06,72668.0
Pudong,2491,2021,7,2021-07,72728.0
Pudong,2491,2021,8,2021-08,73641.0
Pudong,2491,2021,9,2021-09,67146.0
Pudong,2491,2021,10,2021-10,67785.0
Pudong,2491,2021,11,2021-11,71294.0
Pudong,2491,2021,12,2021-12,70847.0
Pudong,2491,2022,1,2022-01,68351.0
Pudong,2491,2022,2,2022-02,72073.0
Pudong,2491,2022,3,2022-03,69496.0
Pudong,2491,2022,4,2022-04,67701.0
Pudong,2491,2022,5,2022-05,72496.0
Pudong,2491,2022,6,2022-06,74325.0
Pudong,2491,2022,7,2022-07,72158.0
Pudong,2491,2022,8,2022-08,71328.0
Pudong,2491,2022,9,2022-09,74350.0
Pudong,2491,2022,10,2022-10,75545.0
Pudong,2491,2022,11,2022-11,75985.0
Pudong,2491,2022,12,2022-12,75670.0
Pudong,2491,2023,1,2023-01,79038.0
Pudong,2491,2023,2,2023-02,75531.0
Pudong,2491,2023,3,2023-03,75901.0
Pudong,2491,2023,4,2023-04,75872.0
Pudong,2491,2023,5,2023-05,75376.0
Pudong,2491,2023,6,2023-06,73647.0
Pudong,2491,2023,7,2023-07,72800.0
Pudong,2491,2023,8,2023-08,79032.0
Pudong,2491,2023,9,2023-09,76306.0
Pudong,2491,2023,10,2023-10,76627.0
Pudong,2491,2023,11,2023-11,76445.0
Pudong,2491,2023,12,2023-12,73863.0
Pudong,2491,2024,1,2024-01,73659.0
Pudong,2491,2024,2,2024-02,77881.0
Pudong,2491,2024,3,2024-03,72595.0
Pudong,2491,2024,4,2024-04,73725.0
Pudong,2491,2024,5,2024-05,71088.0
Pudong,2491,2024,6,2024-06,70351.0
Pudong,2491,2024,7,2024-07,71110.0
Pudong,2491,2024,8,2024-08,70296.0
Pudong,2491,2024,9,2024-09,69466.0
Pudong,2491,2024,10,2024-10,68094.0
Pudong,2491,2024,11,2024-11,68718.0
Pudong,2491,2024,12,2024-12,67958.0
Pudong,2491,2025,1,2025-01,69128.0
Pudong,2491,2025,2,2025-02,68141.0
Pudong,2491,2025,3,2025-03,67300.0
Pudong,2491,2025,4,2025-04,69200.0
Pudong,2491,2025,5,2025-05,65000.0
Pudong,2491,2025,6,2025-06,64900.0
Pudong,2491,2025,7,2025-07,63800.0
Pudong,2491,2025,8,2025-08,64000.0
Pudong,2491,2025,9,2025-09,66400.0
Pudong,2491,2025,10,2025-10,66000.0
Pudong,2491,2025,11,2025-11,66000.0
Pudong,2491,2025,12,2025-12,66400.0
Putuo,2490,2015,1,2015-01,32185.0
Putuo,2490,2015,2,2015-02,32564.0
Putuo,2490,2015,3,2015-03,32663.0
Putuo,2490,2015,4,2015-04,32508.0
Putuo,2490,2015,5,2015-05,32911.0
Putuo,2490,2015,6,2015-06,33344.0
Putuo,2490,2015,7,2015-07,33915.0
Putuo,2490,2015,8,2015-08,34335.0
Putuo,2490,2015,9,2015-09,34839.0
Putuo,2490,2015,10,2015-10,35278.0
Putuo,2490,2015,11,2015-11,36375.0
Putuo,2490,2015,12,2015-12,37436.0
Putuo,2490,2016,1,2016-01,39685.0
Putuo,2490,2016,2,2016-02,41125.0
Putuo,2490,2016,3,2016-03,46746.0
Putuo,2490,2016,4,2016-04,49608.0
Putuo,2490,2016,5,2016-05,50222.0
Putuo,2490,2016,6,2016-06,50193.0
Putuo,2490,2016,7,2016-07,50133.0
Putuo,2490,2016,8,2016-08,51637.0
Putuo,2490,2016,9,2016-09,53164.0
Putuo,2490,2016,10,2016-10,56073.0
Putuo,2490,2016,11,2016-11,57576.0
Putuo,2490,2016,12,2016-12,58027.0
Putuo,2490,2017,1,2017-01,58494.0
Putuo,2490,2017,2,2017-02,59411.0
Putuo,2490,2017,3,2017-03,60094.0
Putuo,2490,2017,4,2017-04,60177.0
Putuo,2490,2017,5,2017-05,61430.0
Putuo,2490,2017,6,2017-06,61554.0
Putuo,2490,2017,7,2017-07,61076.0
Putuo,2490,2017,8,2017-08,60040.0
Putuo,2490,2017,9,2017-09,59970.0
Putuo,2490,2017,10,2017-10,59623.0
Putuo,2490,2017,11,2017-11,59201.0
Putuo,2490,2017,12,2017-12,58891.0
Putuo,2490,2018,6,2018-06,58243.0
Putuo,2490,2018,7,2018-07,58803.0
Putuo,2490,2018,8,2018-08,60261.0
Putuo,2490,2018,9,2018-09,60304.0
Putuo,2490,2018,10,2018-10,58143.0
Putuo,2490,2018,11,2018-11,58853.0
Putuo,2490,2018,12,2018-12,58333.0
Putuo,2490,2019,1,2019-01,58431.0
Putuo,2490,2019,2,2019-02,58531.0
Putuo,2490,2019,3,2019-03,58204.0
Putuo,2490,2019,4,2019-04,58163.0
Putuo,2490,2019,5,2019-05,58512.0
Putuo,2490,2019,6,2019-06,58813.0
Putuo,2490,2019,7,2019-07,58413.0
Putuo,2490,2019,8,2019-08,60011.0
Putuo,2490,2019,9,2019-09,58711.0
Putuo,2490,2019,10,2019-10,58741.0
Putuo,2490,2019,11,2019-11,60051.0
Putuo,2490,2019,12,2019-12,59311.0
Putuo,2490,2020,1,2020-01,57984.0
Putuo,2490,2020,2,2020-02,59299.0
Putuo,2490,2020,3,2020-03,59681.0
Putuo,2490,2020,4,2020-04,59644.0
Putuo,2490,2020,5,2020-05,58124.0
Putuo,2490,2020,6,2020-06,60545.0
Putuo,2490,2020,7,2020-07,61501.0
Putuo,2490,2020,8,2020-08,61596.0
Putuo,2490,2020,9,2020-09,60379.0
Putuo,2490,2020,10,2020-10,60555.0
Putuo,2490,2020,11,2020-11,60924.0
Putuo,2490,2020,12,2020-12,62547.0
Putuo,2490,2021,1,2021-01,64013.0
Putuo,2490,2021,2,2021-02,66126.0
Putuo,2490,2021,3,2021-03,70372.0
Putuo,2490,2021,4,2021-04,71603.0
Putuo,2490,2021,5,2021-05,70812.0
Putuo,2490,2021,6,2021-06,73731.0
Putuo,2490,2021,7,2021-07,75112.0
Putuo,2490,2021,8,2021-08,72830.0
Putuo,2490,2021,9,2021-09,71251.0
Putuo,2490,2021,10,2021-10,68589.0
Putuo,2490,2021,11,2021-11,71947.0
Putuo,2490,2021,12,2021-12,70471.0
Putuo,2490,2022,1,2022-01,70062.0
Putuo,2490,2022,2,2022-02,72267.0
Putuo,2490,2022,3,2022-03,72577.0
Putuo,2490,2022,4,2022-04,70347.0
Putuo,2490,2022,5,2022-05,70437.0
Putuo,2490,2022,6,2022-06,70493.0
Putuo,2490,2022,7,2022-07,70630.0
Putuo,2490,2022,8,2022-08,71681.0
Putuo,2490,2022,9,2022-09,71251.0
Putuo,2490,2022,10,2022-10,71728.0
Putuo,2490,2022,11,2022-11,73168.0
Putuo,2490,2022,12,2022-12,73920.0
Putuo,2490,2023,1,2023-01,75687.0
Putuo,2490,2023,2,2023-02,74772.0
Putuo,2490,2023,3,2023-03,74853.0
Putuo,2490,2023,4,2023-04,74671.0
Putuo,2490,2023,5,2023-05,75414.0
Putuo,2490,2023,6,2023-06,75022.0
Putuo,2490,2023,7,2023-07,74506.0
Putuo,2490,2023,8,2023-08,74430.0
Putuo,2490,2023,9,2023-09,74543.0
Putuo,2490,2023,10,2023-10,72922.0
Putuo,2490,2023,11,2023-11,71041.0
Putuo,2490,2023,12,2023-12,73623.0
Putuo,2490,2024,1,2024-01,71681.0
Putuo,2490,2024,2,2024-02,72612.0
Putuo,2490,2024,3,2024-03,72267.0
Putuo,2490,2024,4,2024-04,70186.0
Putuo,2490,2024,5,2024-05,68826.0
Putuo,2490,2024,6,2024-06,69746.0
Putuo,2490,2024,7,2024-07,68661.0
Putuo,2490,2024,8,2024-08,67646.0
Putuo,2490,2024,9,2024-09,67574.0
Putuo,2490,2024,10,2024-10,66012.0
Putuo,2490,2024,11,2024-11,65590.0
Putuo,2490,2024,12,2024-12,64062.0
Putuo,2490,2025,1,2025-01,65196.0
Putuo,2490,2025,2,2025-02,66104.0
Putuo,2490,2025,3,2025-03,65600.0
Putuo,2490,2025,4,2025-04,65200.0
Putuo,2490,2025,5,2025-05,65000.0
Putuo,2490,2025,6,2025-06,64900.0
Putuo,2490,2025,7,2025-07,66100.0
Putuo,2490,2025,8,2025-08,64200.0
Putuo,2490,2025,9,2025-09,64500.0
Putuo,2490,2025,10,2025-10,63300.0
Putuo,2490,2025,11,2025-11,62300.0
Putuo,2490,2025,12,2025-12,62100.0
Qingpu,2489,2015,1,2015-01,19826.0
Qingpu,2489,2015,2,2015-02,20705.0
Qingpu,2489,2015,3,2015-03,20410.0
Qingpu,2489,2015,4,2015-04,20194.0
Qingpu,2489,2015,5,2015-05,20493.0
Qingpu,2489,2015,6,2015-06,19867.0
Qingpu,2489,2015,7,2015-07,19999.0
Qingpu,2489,2015,8,2015-08,19301.0
Qingpu,2489,2015,9,2015-09,19674.0
Qingpu,2489,2015,10,2015-10,19175.0
Qingpu,2489,2015,11,2015-11,19761.0
Qingpu,2489,2015,12,2015-12,19749.0
Qingpu,2489,2016,1,2016-01,20369.0
Qingpu,2489,2016,2,2016-02,20955.0
Qingpu,2489,2016,3,2016-03,22587.0
Qingpu,2489,2016,4,2016-04,23026.0
Qingpu,2489,2016,5,2016-05,23287.0
Qingpu,2489,2016,6,2016-06,23526.0
Qingpu,2489,2016,7,2016-07,23579.0
Qingpu,2489,2016,8,2016-08,23310.0
Qingpu,2489,2016,9,2016-09,28019.0
Qingpu,2489,2016,10,2016-10,31059.0
Qingpu,2489,2016,11,2016-11,31820.0
Qingpu,2489,2016,12,2016-12,32593.0
Qingpu,2489,2017,1,2017-01,32675.0
Qingpu,2489,2017,2,2017-02,33703.0
Qingpu,2489,2017,3,2017-03,32711.0
Qingpu,2489,2017,4,2017-04,32846.0
Qingpu,2489,2017,5,2017-05,33866.0
Qingpu,2489,2017,6,2017-06,33832.0
Qingpu,2489,2017,7,2017-07,33297.0
Qingpu,2489,2017,8,2017-08,33234.0
Qingpu,2489,2017,9,2017-09,32989.0
Qingpu,2489,2017,10,2017-10,33015.0
Qingpu,2489,2017,11,2017-11,32583.0
Qingpu,2489,2017,12,2017-12,32220.0
Qingpu,2489,2018,6,2018-06,31503.0
Qingpu,2489,2018,7,2018-07,32913.0
Qingpu,2489,2018,8,2018-08,32334.0
Qingpu,2489,2018,9,2018-09,30863.0
Qingpu,2489,2018,10,2018-10,31413.0
Qingpu,2489,2018,11,2018-11,32742.0
Qingpu,2489,2018,12,2018-12,33151.0
Qingpu,2489,2019,1,2019-01,32322.0
Qingpu,2489,2019,2,2019-02,32742.0
Qingpu,2489,2019,3,2019-03,32551.0
Qingpu,2489,2019,4,2019-04,33511.0
Qingpu,2489,2019,5,2019-05,32801.0
Qingpu,2489,2019,6,2019-06,33211.0
Qingpu,2489,2019,7,2019-07,33613.0
Qingpu,2489,2019,8,2019-08,33702.0
Qingpu,2489,2019,9,2019-09,33562.0
Qingpu,2489,2019,10,2019-10,33843.0
Qingpu,2489,2019,11,2019-11,34120.0
Qingpu,2489,2019,12,2019-12,34043.0
Qingpu,2489,2020,1,2020-01,33528.0
Qingpu,2489,2020,2,2020-02,36068.0
Qingpu,2489,2020,3,2020-03,36496.0
Qingpu,2489,2020,4,2020-04,35261.0
Qingpu,2489,2020,5,2020-05,34034.0
Qingpu,2489,2020,6,2020-06,34859.0
Qingpu,2489,2020,7,2020-07,34073.0
Qingpu,2489,2020,8,2020-08,36786.0
Qingpu,2489,2020,9,2020-09,38170.0
Qingpu,2489,2020,10,2020-10,35744.0
Qingpu,2489,2020,11,2020-11,37574.0
Qingpu,2489,2020,12,2020-12,37818.0
Qingpu,2489,2021,1,2021-01,36725.0
Qingpu,2489,2021,2,2021-02,36077.0
Qingpu,2489,2021,3,2021-03,39451.0
Qingpu,2489,2021,4,2021-04,39234.0
Qingpu,2489,2021,5,2021-05,39590.0
Qingpu,2489,2021,6,2021-06,45219.0
Qingpu,2489,2021,7,2021-07,47126.0
Qingpu,2489,2021,8,2021-08,44690.0
Qingpu,2489,2021,9,2021-09,38599.0
Qingpu,2489,2021,10,2021-10,38129.0
Qingpu,2489,2021,11,2021-11,38399.0
Qingpu,2489,2021,12,2021-12,42308.0
Qingpu,2489,2022,1,2022-01,40870.0
Qingpu,2489,2022,2,2022-02,40969.0
Qingpu,2489,2022,3,2022-03,43856.0
Qingpu,2489,2022,4,2022-04,43225.0
Qingpu,2489,2022,5,2022-05,39171.0
Qingpu,2489,2022,6,2022-06,41401.0
Qingpu,2489,2022,7,2022-07,40327.0
Qingpu,2489,2022,8,2022-08,42995.0
Qingpu,2489,2022,9,2022-09,44309.0
Qingpu,2489,2022,10,2022-10,46972.0
Qingpu,2489,2022,11,2022-11,46136.0
Qingpu,2489,2022,12,2022-12,44390.0
Qingpu,2489,2023,1,2023-01,50493.0
Qingpu,2489,2023,2,2023-02,48729.0
Qingpu,2489,2023,3,2023-03,51262.0
Qingpu,2489,2023,4,2023-04,54572.0
Qingpu,2489,2023,5,2023-05,49096.0
Qingpu,2489,2023,6,2023-06,58326.0
Qingpu,2489,2023,7,2023-07,48789.0
Qingpu,2489,2023,8,2023-08,54680.0
Qingpu,2489,2023,9,2023-09,55533.0
Qingpu,2489,2023,10,2023-10,50657.0
Qingpu,2489,2023,11,2023-11,52511.0
Qingpu,2489,2023,12,2023-12,52789.0
Qingpu,2489,2024,1,2024-01,54785.0
Qingpu,2489,2024,2,2024-02,53587.0
Qingpu,2489,2024,3,2024-03,56054.0
Qingpu,2489,2024,4,2024-04,56929.0
Qingpu,2489,2024,5,2024-05,55432.0
Qingpu,2489,2024,6,2024-06,55367.0
Qingpu,2489,2024,7,2024-07,52616.0
Qingpu,2489,2024,8,2024-08,47727.0
Qingpu,2489,2024,9,2024-09,52726.0
Qingpu,2489,2024,10,2024-10,56682.0
Qingpu,2489,2024,11,2024-11,58065.0
Qingpu,2489,2024,12,2024-12,52257.0
Qingpu,2489,2025,1,2025-01,49557.0
Qingpu,2489,2025,2,2025-02,57783.0
Qingpu,2489,2025,3,2025-03,53300.0
Qingpu,2489,2025,4,2025-04,45900.0
Qingpu,2489,2025,5,2025-05,50700.0
Qingpu,2489,2025,6,2025-06,55300.0
Qingpu,2489,2025,7,2025-07,59600.0
Qingpu,2489,2025,8,2025-08,52400.0
Qingpu,2489,2025,9,2025-09,57000.0
Qingpu,2489,2025,10,2025-10,43300.0
Qingpu,2489,2025,11,2025-11,47000.0
Qingpu,2489,2025,12,2025-12,48500.0
Songjiang,2488,2015,1,2015-01,19390.0
Songjiang,2488,2015,2,2015-02,19646.0
Songjiang,2488,2015,3,2015-03,19611.0
Songjiang,2488,2015,4,2015-04,19494.0
Songjiang,2488,2015,5,2015-05,19814.0
Songjiang,2488,2015,6,2015-06,20043.0
Songjiang,2488,2015,7,2015-07,20433.0
Songjiang,2488,2015,8,2015-08,20611.0
Songjiang,2488,2015,9,2015-09,20576.0
Songjiang,2488,2015,10,2015-10,20733.0
Songjiang,2488,2015,11,2015-11,20918.0
Songjiang,2488,2015,12,2015-12,21082.0
Songjiang,2488,2016,1,2016-01,21576.0
Songjiang,2488,2016,2,2016-02,22079.0
Songjiang,2488,2016,3,2016-03,24633.0
Songjiang,2488,2016,4,2016-04,25459.0
Songjiang,2488,2016,5,2016-05,25444.0
Songjiang,2488,2016,6,2016-06,25925.0
Songjiang,2488,2016,7,2016-07,26607.0
Songjiang,2488,2016,8,2016-08,28558.0
Songjiang,2488,2016,9,2016-09,31113.0
Songjiang,2488,2016,10,2016-10,33916.0
Songjiang,2488,2016,11,2016-11,35393.0
Songjiang,2488,2016,12,2016-12,35919.0
Songjiang,2488,2017,1,2017-01,36388.0
Songjiang,2488,2017,2,2017-02,36810.0
Songjiang,2488,2017,3,2017-03,35598.0
Songjiang,2488,2017,4,2017-04,35589.0
Songjiang,2488,2017,5,2017-05,37478.0
Songjiang,2488,2017,6,2017-06,37579.0
Songjiang,2488,2017,7,2017-07,37134.0
Songjiang,2488,2017,8,2017-08,36258.0
Songjiang,2488,2017,9,2017-09,35792.0
Songjiang,2488,2017,10,2017-10,35125.0
Songjiang,2488,2017,11,2017-11,34306.0
Songjiang,2488,2017,12,2017-12,33668.0
Songjiang,2488,2018,6,2018-06,32271.0
Songjiang,2488,2018,7,2018-07,33133.0
Songjiang,2488,2018,8,2018-08,31982.0
Songjiang,2488,2018,9,2018-09,31763.0
Songjiang,2488,2018,10,2018-10,31962.0
Songjiang,2488,2018,11,2018-11,32621.0
Songjiang,2488,2018,12,2018-12,32412.0
Songjiang,2488,2019,1,2019-01,32540.0
Songjiang,2488,2019,2,2019-02,32680.0
Songjiang,2488,2019,3,2019-03,32913.0
Songjiang,2488,2019,4,2019-04,33560.0
Songjiang,2488,2019,5,2019-05,32814.0
Songjiang,2488,2019,6,2019-06,32611.0
Songjiang,2488,2019,7,2019-07,32814.0
Songjiang,2488,2019,8,2019-08,32502.0
Songjiang,2488,2019,9,2019-09,32472.0
Songjiang,2488,2019,10,2019-10,32311.0
Songjiang,2488,2019,11,2019-11,32639.0
Songjiang,2488,2019,12,2019-12,30689.0
Songjiang,2488,2020,1,2020-01,32317.0
Songjiang,2488,2020,2,2020-02,33408.0
Songjiang,2488,2020,3,2020-03,35388.0
Songjiang,2488,2020,4,2020-04,34112.0
Songjiang,2488,2020,5,2020-05,33317.0
Songjiang,2488,2020,6,2020-06,33540.0
Songjiang,2488,2020,7,2020-07,34066.0
Songjiang,2488,2020,8,2020-08,35111.0
Songjiang,2488,2020,9,2020-09,35660.0
Songjiang,2488,2020,10,2020-10,36115.0
Songjiang,2488,2020,11,2020-11,36494.0
Songjiang,2488,2020,12,2020-12,35497.0
Songjiang,2488,2021,1,2021-01,37168.0
Songjiang,2488,2021,2,2021-02,37171.0
Songjiang,2488,2021,3,2021-03,37684.0
Songjiang,2488,2021,4,2021-04,39596.0
Songjiang,2488,2021,5,2021-05,39691.0
Songjiang,2488,2021,6,2021-06,41010.0
Songjiang,2488,2021,7,2021-07,41718.0
Songjiang,2488,2021,8,2021-08,41745.0
Songjiang,2488,2021,9,2021-09,38960.0
Songjiang,2488,2021,10,2021-10,38763.0
Songjiang,2488,2021,11,2021-11,38232.0
Songjiang,2488,2021,12,2021-12,38710.0
Songjiang,2488,2022,1,2022-01,39568.0
Songjiang,2488,2022,2,2022-02,40139.0
Songjiang,2488,2022,3,2022-03,39386.0
Songjiang,2488,2022,4,2022-04,39580.0
Songjiang,2488,2022,5,2022-05,38806.0
Songjiang,2488,2022,6,2022-06,38901.0
Songjiang,2488,2022,7,2022-07,40729.0
Songjiang,2488,2022,8,2022-08,39610.0
Songjiang,2488,2022,9,2022-09,41464.0
Songjiang,2488,2022,10,2022-10,43718.0
Songjiang,2488,2022,11,2022-11,42322.0
Songjiang,2488,2022,12,2022-12,38838.0
Songjiang,2488,2023,1,2023-01,45330.0
Songjiang,2488,2023,2,2023-02,44880.0
Songjiang,2488,2023,3,2023-03,43032.0
Songjiang,2488,2023,4,2023-04,45269.0
Songjiang,2488,2023,5,2023-05,46088.0
Songjiang,2488,2023,6,2023-06,46350.0
Songjiang,2488,2023,7,2023-07,46264.0
Songjiang,2488,2023,8,2023-08,44632.0
Songjiang,2488,2023,9,2023-09,46053.0
Songjiang,2488,2023,10,2023-10,46741.0
Songjiang,2488,2023,11,2023-11,47197.0
Songjiang,2488,2023,12,2023-12,46640.0
Songjiang,2488,2024,1,2024-01,49066.0
Songjiang,2488,2024,2,2024-02,47692.0
Songjiang,2488,2024,3,2024-03,47861.0
Songjiang,2488,2024,4,2024-04,49316.0
Songjiang,2488,2024,5,2024-05,46381.0
Songjiang,2488,2024,6,2024-06,46004.0
Songjiang,2488,2024,7,2024-07,47426.0
Songjiang,2488,2024,8,2024-08,47844.0
Songjiang,2488,2024,9,2024-09,46991.0
Songjiang,2488,2024,10,2024-10,46297.0
Songjiang,2488,2024,11,2024-11,46200.0
Songjiang,2488,2024,12,2024-12,43754.0
Songjiang,2488,2025,1,2025-01,45679.0
Songjiang,2488,2025,2,2025-02,45311.0
Songjiang,2488,2025,3,2025-03,43700.0
Songjiang,2488,2025,4,2025-04,42700.0
Songjiang,2488,2025,5,2025-05,43100.0
Songjiang,2488,2025,6,2025-06,41500.0
Songjiang,2488,2025,7,2025-07,42400.0
Songjiang,2488,2025,8,2025-08,41900.0
Songjiang,2488,2025,9,2025-09,46500.0
Songjiang,2488,2025,10,2025-10,42800.0
Songjiang,2488,2025,11,2025-11,43900.0
Songjiang,2488,2025,12,2025-12,43400.0
Xuhui,2487,2015,1,2015-01,40809.0
Xuhui,2487,2015,2,2015-02,40962.0
Xuhui,2487,2015,3,2015-03,41237.0
Xuhui,2487,2015,4,2015-04,41723.0
Xuhui,2487,2015,5,2015-05,42312.0
Xuhui,2487,2015,6,2015-06,42925.0
Xuhui,2487,2015,7,2015-07,43816.0
Xuhui,2487,2015,8,2015-08,44966.0
Xuhui,2487,2015,9,2015-09,45937.0
Xuhui,2487,2015,10,2015-10,46856.0
Xuhui,2487,2015,11,2015-11,48543.0
Xuhui,2487,2015,12,2015-12,49915.0
Xuhui,2487,2016,1,2016-01,51611.0
Xuhui,2487,2016,2,2016-02,53707.0
Xuhui,2487,2016,3,2016-03,61965.0
Xuhui,2487,2016,4,2016-04,63221.0
Xuhui,2487,2016,5,2016-05,63289.0
Xuhui,2487,2016,6,2016-06,64045.0
Xuhui,2487,2016,7,2016-07,64317.0
Xuhui,2487,2016,8,2016-08,65025.0
Xuhui,2487,2016,9,2016-09,66404.0
Xuhui,2487,2016,10,2016-10,69038.0
Xuhui,2487,2016,11,2016-11,70635.0
Xuhui,2487,2016,12,2016-12,70926.0
Xuhui,2487,2017,1,2017-01,71126.0
Xuhui,2487,2017,2,2017-02,71022.0
Xuhui,2487,2017,3,2017-03,72861.0
Xuhui,2487,2017,4,2017-04,73596.0
Xuhui,2487,2017,5,2017-05,75174.0
Xuhui,2487,2017,6,2017-06,76549.0
Xuhui,2487,2017,7,2017-07,76567.0
Xuhui,2487,2017,8,2017-08,73374.0
Xuhui,2487,2017,9,2017-09,72637.0
Xuhui,2487,2017,10,2017-10,71849.0
Xuhui,2487,2017,11,2017-11,71819.0
Xuhui,2487,2017,12,2017-12,72821.0
Xuhui,2487,2018,6,2018-06,70272.0
Xuhui,2487,2018,7,2018-07,71194.0
Xuhui,2487,2018,8,2018-08,71754.0
Xuhui,2487,2018,9,2018-09,70642.0
Xuhui,2487,2018,10,2018-10,70014.0
Xuhui,2487,2018,11,2018-11,70113.0
Xuhui,2487,2018,12,2018-12,70152.0
Xuhui,2487,2019,1,2019-01,70030.0
Xuhui,2487,2019,2,2019-02,71383.0
Xuhui,2487,2019,3,2019-03,71904.0
Xuhui,2487,2019,4,2019-04,71921.0
Xuhui,2487,2019,5,2019-05,70721.0
Xuhui,2487,2019,6,2019-06,70622.0
Xuhui,2487,2019,7,2019-07,70714.0
Xuhui,2487,2019,8,2019-08,70623.0
Xuhui,2487,2019,9,2019-09,71911.0
Xuhui,2487,2019,10,2019-10,70954.0
Xuhui,2487,2019,11,2019-11,71287.0
Xuhui,2487,2019,12,2019-12,71663.0
Xuhui,2487,2020,1,2020-01,70031.0
Xuhui,2487,2020,2,2020-02,68646.0
Xuhui,2487,2020,3,2020-03,69750.0
Xuhui,2487,2020,4,2020-04,68957.0
Xuhui,2487,2020,5,2020-05,69215.0
Xuhui,2487,2020,6,2020-06,68859.0
Xuhui,2487,2020,7,2020-07,68210.0
Xuhui,2487,2020,8,2020-08,73460.0
Xuhui,2487,2020,9,2020-09,72382.0
Xuhui,2487,2020,10,2020-10,75779.0
Xuhui,2487,2020,11,2020-11,77884.0
Xuhui,2487,2020,12,2020-12,77257.0
Xuhui,2487,2021,1,2021-01,83297.0
Xuhui,2487,2021,2,2021-02,83210.0
Xuhui,2487,2021,3,2021-03,88535.0
Xuhui,2487,2021,4,2021-04,89735.0
Xuhui,2487,2021,5,2021-05,90203.0
Xuhui,2487,2021,6,2021-06,94701.0
Xuhui,2487,2021,7,2021-07,97716.0
Xuhui,2487,2021,8,2021-08,96834.0
Xuhui,2487,2021,9,2021-09,93681.0
Xuhui,2487,2021,10,2021-10,92114.0
Xuhui,2487,2021,11,2021-11,89476.0
Xuhui,2487,2021,12,2021-12,96183.0
Xuhui,2487,2022,1,2022-01,92005.0
Xuhui,2487,2022,2,2022-02,94778.0
Xuhui,2487,2022,3,2022-03,95959.0
Xuhui,2487,2022,4,2022-04,95364.0
Xuhui,2487,2022,5,2022-05,93533.0
Xuhui,2487,2022,6,2022-06,91538.0
Xuhui,2487,2022,7,2022-07,91132.0
Xuhui,2487,2022,8,2022-08,94785.0
Xuhui,2487,2022,9,2022-09,93487.0
Xuhui,2487,2022,10,2022-10,94159.0
Xuhui,2487,2022,11,2022-11,96198.0
Xuhui,2487,2022,12,2022-12,95687.0
Xuhui,2487,2023,1,2023-01,97143.0
Xuhui,2487,2023,2,2023-02,91931.0
Xuhui,2487,2023,3,2023-03,92874.0
Xuhui,2487,2023,4,2023-04,93875.0
Xuhui,2487,2023,5,2023-05,97776.0
Xuhui,2487,2023,6,2023-06,94007.0
Xuhui,2487,2023,7,2023-07,92864.0
Xuhui,2487,2023,8,2023-08,93504.0
Xuhui,2487,2023,9,2023-09,92615.0
Xuhui,2487,2023,10,2023-10,90562.0
Xuhui,2487,2023,11,2023-11,92143.0
Xuhui,2487,2023,12,2023-12,91793.0
Xuhui,2487,2024,1,2024-01,94409.0
Xuhui,2487,2024,2,2024-02,93899.0
Xuhui,2487,2024,3,2024-03,89612.0
Xuhui,2487,2024,4,2024-04,85347.0
Xuhui,2487,2024,5,2024-05,84712.0
Xuhui,2487,2024,6,2024-06,84922.0
Xuhui,2487,2024,7,2024-07,84212.0
Xuhui,2487,2024,8,2024-08,83119.0
Xuhui,2487,2024,9,2024-09,85475.0
Xuhui,2487,2024,10,2024-10,83937.0
Xuhui,2487,2024,11,2024-11,81263.0
Xuhui,2487,2024,12,2024-12,82479.0
Xuhui,2487,2025,1,2025-01,84752.0
Xuhui,2487,2025,2,2025-02,82078.0
Xuhui,2487,2025,3,2025-03,82400.0
Xuhui,2487,2025,4,2025-04,82100.0
Xuhui,2487,2025,5,2025-05,79500.0
Xuhui,2487,2025,6,2025-06,77800.0
Xuhui,2487,2025,7,2025-07,78800.0
Xuhui,2487,2025,8,2025-08,76800.0
Xuhui,2487,2025,9,2025-09,77700.0
Xuhui,2487,2025,10,2025-10,77100.0
Xuhui,2487,2025,11,2025-11,79200.0
Xuhui,2487,2025,12,2025-12,79100.0
Yangpu,2486,2015,1,2015-01,35709.0
Yangpu,2486,2015,2,2015-02,35481.0
Yangpu,2486,2015,3,2015-03,35723.0
Yangpu,2486,2015,4,2015-04,35605.0
Yangpu,2486,2015,5,2015-05,35927.0
Yangpu,2486,2015,6,2015-06,36314.0
Yangpu,2486,2015,7,2015-07,36724.0
Yangpu,2486,2015,8,2015-08,36574.0
Yangpu,2486,2015,9,2015-09,37069.0
Yangpu,2486,2015,10,2015-10,37855.0
Yangpu,2486,2015,11,2015-11,38760.0
Yangpu,2486,2015,12,2015-12,39937.0
Yangpu,2486,2016,1,2016-01,41978.0
Yangpu,2486,2016,2,2016-02,43939.0
Yangpu,2486,2016,3,2016-03,49638.0
Yangpu,2486,2016,4,2016-04,52578.0
Yangpu,2486,2016,5,2016-05,53231.0
Yangpu,2486,2016,6,2016-06,53584.0
Yangpu,2486,2016,7,2016-07,54675.0
Yangpu,2486,2016,8,2016-08,55630.0
Yangpu,2486,2016,9,2016-09,57597.0
Yangpu,2486,2016,10,2016-10,60811.0
Yangpu,2486,2016,11,2016-11,63380.0
Yangpu,2486,2016,12,2016-12,63654.0
Yangpu,2486,2017,1,2017-01,63883.0
Yangpu,2486,2017,2,2017-02,64441.0
Yangpu,2486,2017,3,2017-03,64071.0
Yangpu,2486,2017,4,2017-04,64671.0
Yangpu,2486,2017,5,2017-05,67186.0
Yangpu,2486,2017,6,2017-06,67021.0
Yangpu,2486,2017,7,2017-07,66942.0
Yangpu,2486,2017,8,2017-08,64993.0
Yangpu,2486,2017,9,2017-09,64819.0
Yangpu,2486,2017,10,2017-10,64423.0
Yangpu,2486,2017,11,2017-11,64089.0
Yangpu,2486,2017,12,2017-12,63508.0
Yangpu,2486,2018,6,2018-06,57544.0
Yangpu,2486,2018,7,2018-07,58182.0
Yangpu,2486,2018,8,2018-08,57781.0
Yangpu,2486,2018,9,2018-09,58102.0
Yangpu,2486,2018,10,2018-10,58552.0
Yangpu,2486,2018,11,2018-11,57842.0
Yangpu,2486,2018,12,2018-12,57982.0
Yangpu,2486,2019,1,2019-01,57682.0
Yangpu,2486,2019,2,2019-02,57373.0
Yangpu,2486,2019,3,2019-03,57943.0
Yangpu,2486,2019,4,2019-04,58541.0
Yangpu,2486,2019,5,2019-05,57782.0
Yangpu,2486,2019,6,2019-06,57952.0
Yangpu,2486,2019,7,2019-07,58620.0
Yangpu,2486,2019,8,2019-08,57753.0
Yangpu,2486,2019,9,2019-09,57913.0
Yangpu,2486,2019,10,2019-10,58253.0
Yangpu,2486,2019,11,2019-11,57689.0
Yangpu,2486,2019,12,2019-12,58546.0
Yangpu,2486,2020,1,2020-01,56000.0
Yangpu,2486,2020,2,2020-02,56322.0
Yangpu,2486,2020,3,2020-03,59832.0
Yangpu,2486,2020,4,2020-04,58613.0
Yangpu,2486,2020,5,2020-05,58808.0
Yangpu,2486,2020,6,2020-06,59557.0
Yangpu,2486,2020,7,2020-07,59809.0
Yangpu,2486,2020,8,2020-08,60148.0
Yangpu,2486,2020,9,2020-09,59727.0
Yangpu,2486,2020,10,2020-10,62622.0
Yangpu,2486,2020,11,2020-11,61643.0
Yangpu,2486,2020,12,2020-12,64414.0
Yangpu,2486,2021,1,2021-01,66507.0
Yangpu,2486,2021,2,2021-02,67219.0
Yangpu,2486,2021,3,2021-03,70695.0
Yangpu,2486,2021,4,2021-04,70501.0
Yangpu,2486,2021,5,2021-05,71949.0
Yangpu,2486,2021,6,2021-06,72821.0
Yangpu,2486,2021,7,2021-07,75244.0
Yangpu,2486,2021,8,2021-08,74224.0
Yangpu,2486,2021,9,2021-09,74801.0
Yangpu,2486,2021,10,2021-10,75099.0
Yangpu,2486,2021,11,2021-11,74930.0
Yangpu,2486,2021,12,2021-12,73019.0
Yangpu,2486,2022,1,2022-01,72847.0
Yangpu,2486,2022,2,2022-02,76779.0
Yangpu,2486,2022,3,2022-03,75369.0
Yangpu,2486,2022,4,2022-04,75857.0
Yangpu,2486,2022,5,2022-05,82242.0
Yangpu,2486,2022,6,2022-06,75339.0
Yangpu,2486,2022,7,2022-07,75362.0
Yangpu,2486,2022,8,2022-08,79146.0
Yangpu,2486,2022,9,2022-09,80321.0
Yangpu,2486,2022,10,2022-10,80049.0
Yangpu,2486,2022,11,2022-11,80200.0
Yangpu,2486,2022,12,2022-12,79459.0
Yangpu,2486,2023,1,2023-01,78839.0
Yangpu,2486,2023,2,2023-02,82426.0
Yangpu,2486,2023,3,2023-03,78377.0
Yangpu,2486,2023,4,2023-04,78838.0
Yangpu,2486,2023,5,2023-05,78495.0
Yangpu,2486,2023,6,2023-06,79307.0
Yangpu,2486,2023,7,2023-07,77872.0
Yangpu,2486,2023,8,2023-08,77018.0
Yangpu,2486,2023,9,2023-09,76610.0
Yangpu,2486,2023,10,2023-10,74967.0
Yangpu,2486,2023,11,2023-11,73868.0
Yangpu,2486,2023,12,2023-12,77149.0
Yangpu,2486,2024,1,2024-01,75432.0
Yangpu,2486,2024,2,2024-02,72733.0
Yangpu,2486,2024,3,2024-03,74825.0
Yangpu,2486,2024,4,2024-04,72993.0
Yangpu,2486,2024,5,2024-05,74456.0
Yangpu,2486,2024,6,2024-06,74984.0
Yangpu,2486,2024,7,2024-07,73483.0
Yangpu,2486,2024,8,2024-08,74241.0
Yangpu,2486,2024,9,2024-09,71231.0
Yangpu,2486,2024,10,2024-10,70946.0
Yangpu,2486,2024,11,2024-11,68519.0
Yangpu,2486,2024,12,2024-12,71438.0
Yangpu,2486,2025,1,2025-01,69533.0
Yangpu,2486,2025,2,2025-02,71379.0
Yangpu,2486,2025,3,2025-03,71400.0
Yangpu,2486,2025,4,2025-04,68800.0
Yangpu,2486,2025,5,2025-05,67500.0
Yangpu,2486,2025,6,2025-06,70900.0
Yangpu,2486,2025,7,2025-07,68800.0
Yangpu,2486,2025,8,2025-08,69600.0
Yangpu,2486,2025,9,2025-09,69500.0
Yangpu,2486,2025,10,2025-10,65700.0
Yangpu,2486,2025,11,2025-11,64300.0
Yangpu,2486,2025,12,2025-12,61600.0
